fecha,mes,turno,produccion_unidades,costo_unitario_usd,costo_total_usd,utilidad_unitaria_usd,utilidad_total_usd,
2025-01-01,enero,Matutino,8806,0.5,4403,0.3,2641.8,422.688
2025-01-01,enero,Vespertino,8920,0.5,4460,0.3,2676,428.16
2025-01-01,enero,Nocturno,7922,0.5,3961,0.3,2376.6,380.256
2025-01-02,enero,Matutino,9139,0.5,4569.5,0.3,2741.7,438.672
2025-01-02,enero,Vespertino,9076,0.5,4538,0.3,2722.8,435.648
2025-01-02,enero,Nocturno,8157,0.5,4078.5,0.3,2447.1,391.536
2025-01-03,enero,Matutino,8680,0.5,4340,0.3,2604,416.64
2025-01-03,enero,Vespertino,8036,0.5,4018,0.3,2410.8,385.728
2025-01-03,enero,Nocturno,8335,0.5,4167.5,0.3,2500.5,400.08
2025-01-04,enero,Matutino,7422,0.5,3711,0.3,2226.6,356.256
2025-01-04,enero,Vespertino,7539,0.5,3769.5,0.3,2261.7,361.872
2025-01-04,enero,Nocturno,6757,0.5,3378.5,0.3,2027.1,324.336
2025-01-05,enero,Matutino,8110,0.5,4055,0.3,2433,389.28
2025-01-05,enero,Vespertino,7103,0.5,3551.5,0.3,2130.9,340.944
2025-01-05,enero,Nocturno,6492,0.5,3246,0.3,1947.6,311.616
2025-01-06,enero,Matutino,9015,0.5,4507.5,0.3,2704.5,432.72
2025-01-06,enero,Vespertino,8691,0.5,4345.5,0.3,2607.3,417.168
2025-01-06,enero,Nocturno,7644,0.5,3822,0.3,2293.2,366.912
2025-01-07,enero,Matutino,9066,0.5,4533,0.3,2719.8,435.168
2025-01-07,enero,Vespertino,8892,0.5,4446,0.3,2667.6,426.816
2025-01-07,enero,Nocturno,8486,0.5,4243,0.3,2545.8,407.328
2025-01-08,enero,Matutino,9419,0.5,4709.5,0.3,2825.7,452.112
2025-01-08,enero,Vespertino,8653,0.5,4326.5,0.3,2595.9,415.344
2025-01-08,enero,Nocturno,7849,0.5,3924.5,0.3,2354.7,376.752
2025-01-09,enero,Matutino,8653,0.5,4326.5,0.3,2595.9,415.344
2025-01-09,enero,Vespertino,8822,0.5,4411,0.3,2646.6,423.456
2025-01-09,enero,Nocturno,7685,0.5,3842.5,0.3,2305.5,368.88
2025-01-10,enero,Matutino,8771,0.5,4385.5,0.3,2631.3,421.008
2025-01-10,enero,Vespertino,8852,0.5,4426,0.3,2655.6,424.896
2025-01-10,enero,Nocturno,8490,0.5,4245,0.3,2547,407.52
2025-01-11,enero,Matutino,7520,0.5,3760,0.3,2256,360.96
2025-01-11,enero,Vespertino,7312,0.5,3656,0.3,2193.6,350.976
2025-01-11,enero,Nocturno,7151,0.5,3575.5,0.3,2145.3,343.248
2025-01-12,enero,Matutino,7910,0.5,3955,0.3,2373,379.68
2025-01-12,enero,Vespertino,7273,0.5,3636.5,0.3,2181.9,349.104
2025-01-12,enero,Nocturno,6970,0.5,3485,0.3,2091,334.56
2025-01-13,enero,Matutino,9233,0.5,4616.5,0.3,2769.9,443.184
2025-01-13,enero,Vespertino,8742,0.5,4371,0.3,2622.6,419.616
2025-01-13,enero,Nocturno,7841,0.5,3920.5,0.3,2352.3,376.368
2025-01-14,enero,Matutino,8483,0.5,4241.5,0.3,2544.9,407.184
2025-01-14,enero,Vespertino,8712,0.5,4356,0.3,2613.6,418.176
2025-01-14,enero,Nocturno,7817,0.5,3908.5,0.3,2345.1,375.216
2025-01-15,enero,Matutino,8712,0.5,4356,0.3,2613.6,418.176
2025-01-15,enero,Vespertino,8111,0.5,4055.5,0.3,2433.3,389.328
2025-01-15,enero,Nocturno,7630,0.5,3815,0.3,2289,366.24
2025-01-16,enero,Matutino,8517,0.5,4258.5,0.3,2555.1,408.816
2025-01-16,enero,Vespertino,8818,0.5,4409,0.3,2645.4,423.264
2025-01-16,enero,Nocturno,7928,0.5,3964,0.3,2378.4,380.544
2025-01-17,enero,Matutino,8746,0.5,4373,0.3,2623.8,419.808
2025-01-17,enero,Vespertino,8416,0.5,4208,0.3,2524.8,403.968
2025-01-17,enero,Nocturno,7909,0.5,3954.5,0.3,2372.7,379.632
2025-01-18,enero,Matutino,7836,0.5,3918,0.3,2350.8,376.128
2025-01-18,enero,Vespertino,7094,0.5,3547,0.3,2128.2,340.512
2025-01-18,enero,Nocturno,7126,0.5,3563,0.3,2137.8,342.048
2025-01-19,enero,Matutino,7321,0.5,3660.5,0.3,2196.3,351.408
2025-01-19,enero,Vespertino,7369,0.5,3684.5,0.3,2210.7,353.712
2025-01-19,enero,Nocturno,6858,0.5,3429,0.3,2057.4,329.184
2025-01-20,enero,Matutino,9068,0.5,4534,0.3,2720.4,435.264
2025-01-20,enero,Vespertino,8341,0.5,4170.5,0.3,2502.3,400.368
2025-01-20,enero,Nocturno,8383,0.5,4191.5,0.3,2514.9,402.384
2025-01-21,enero,Matutino,8663,0.5,4331.5,0.3,2598.9,415.824
2025-01-21,enero,Vespertino,8507,0.5,4253.5,0.3,2552.1,408.336
2025-01-21,enero,Nocturno,8147,0.5,4073.5,0.3,2444.1,391.056
2025-01-22,enero,Matutino,8804,0.5,4402,0.3,2641.2,422.592
2025-01-22,enero,Vespertino,8358,0.5,4179,0.3,2507.4,401.184
2025-01-22,enero,Nocturno,7965,0.5,3982.5,0.3,2389.5,382.32
2025-01-23,enero,Matutino,8603,0.5,4301.5,0.3,2580.9,412.944
2025-01-23,enero,Vespertino,8570,0.5,4285,0.3,2571,411.36
2025-01-23,enero,Nocturno,7962,0.5,3981,0.3,2388.6,382.176
2025-01-24,enero,Matutino,9152,0.5,4576,0.3,2745.6,439.296
2025-01-24,enero,Vespertino,8560,0.5,4280,0.3,2568,410.88
2025-01-24,enero,Nocturno,7786,0.5,3893,0.3,2335.8,373.728
2025-01-25,enero,Matutino,7624,0.5,3812,0.3,2287.2,365.952
2025-01-25,enero,Vespertino,7143,0.5,3571.5,0.3,2142.9,342.864
2025-01-25,enero,Nocturno,6971,0.5,3485.5,0.3,2091.3,334.608
2025-01-26,enero,Matutino,7761,0.5,3880.5,0.3,2328.3,372.528
2025-01-26,enero,Vespertino,6831,0.5,3415.5,0.3,2049.3,327.888
2025-01-26,enero,Nocturno,7049,0.5,3524.5,0.3,2114.7,338.352
2025-01-27,enero,Matutino,8880,0.5,4440,0.3,2664,426.24
2025-01-27,enero,Vespertino,8854,0.5,4427,0.3,2656.2,424.992
2025-01-27,enero,Nocturno,8125,0.5,4062.5,0.3,2437.5,390
2025-01-28,enero,Matutino,8971,0.5,4485.5,0.3,2691.3,430.608
2025-01-28,enero,Vespertino,8732,0.5,4366,0.3,2619.6,419.136
2025-01-28,enero,Nocturno,8190,0.5,4095,0.3,2457,393.12
2025-01-29,enero,Matutino,8649,0.5,4324.5,0.3,2594.7,415.152
2025-01-29,enero,Vespertino,8319,0.5,4159.5,0.3,2495.7,399.312
2025-01-29,enero,Nocturno,8028,0.5,4014,0.3,2408.4,385.344
2025-01-30,enero,Matutino,9324,0.5,4662,0.3,2797.2,447.552
2025-01-30,enero,Vespertino,8361,0.5,4180.5,0.3,2508.3,401.328
2025-01-30,enero,Nocturno,8444,0.5,4222,0.3,2533.2,405.312
2025-01-31,enero,Matutino,9165,0.5,4582.5,0.3,2749.5,439.92
2025-01-31,enero,Vespertino,8628,0.5,4314,0.3,2588.4,414.144
2025-01-31,enero,Nocturno,8141,0.5,4070.5,0.3,2442.3,390.768
2025-02-01,febrero,Matutino,7669,0.5,3834.5,0.3,2300.7,368.112
2025-02-01,febrero,Vespertino,7121,0.5,3560.5,0.3,2136.3,341.808
2025-02-01,febrero,Nocturno,6428,0.5,3214,0.3,1928.4,308.544
2025-02-02,febrero,Matutino,7014,0.5,3507,0.3,2104.2,336.672
2025-02-02,febrero,Vespertino,6874,0.5,3437,0.3,2062.2,329.952
2025-02-02,febrero,Nocturno,6631,0.5,3315.5,0.3,1989.3,318.288
2025-02-03,febrero,Matutino,8536,0.5,4268,0.3,2560.8,409.728
2025-02-03,febrero,Vespertino,8386,0.5,4193,0.3,2515.8,402.528
2025-02-03,febrero,Nocturno,7555,0.5,3777.5,0.3,2266.5,362.64
2025-02-04,febrero,Matutino,8959,0.5,4479.5,0.3,2687.7,430.032
2025-02-04,febrero,Vespertino,8451,0.5,4225.5,0.3,2535.3,405.648
2025-02-04,febrero,Nocturno,7444,0.5,3722,0.3,2233.2,357.312
2025-02-05,febrero,Matutino,8136,0.5,4068,0.3,2440.8,390.528
2025-02-05,febrero,Vespertino,7886,0.5,3943,0.3,2365.8,378.528
2025-02-05,febrero,Nocturno,7896,0.5,3948,0.3,2368.8,379.008
2025-02-06,febrero,Matutino,8565,0.5,4282.5,0.3,2569.5,411.12
2025-02-06,febrero,Vespertino,7805,0.5,3902.5,0.3,2341.5,374.64
2025-02-06,febrero,Nocturno,7596,0.5,3798,0.3,2278.8,364.608
2025-02-07,febrero,Matutino,8369,0.5,4184.5,0.3,2510.7,401.712
2025-02-07,febrero,Vespertino,8580,0.5,4290,0.3,2574,411.84
2025-02-07,febrero,Nocturno,7759,0.5,3879.5,0.3,2327.7,372.432
2025-02-08,febrero,Matutino,7434,0.5,3717,0.3,2230.2,356.832
2025-02-08,febrero,Vespertino,6632,0.5,3316,0.3,1989.6,318.336
2025-02-08,febrero,Nocturno,6582,0.5,3291,0.3,1974.6,315.936
2025-02-09,febrero,Matutino,7461,0.5,3730.5,0.3,2238.3,358.128
2025-02-09,febrero,Vespertino,6685,0.5,3342.5,0.3,2005.5,320.88
2025-02-09,febrero,Nocturno,6861,0.5,3430.5,0.3,2058.3,329.328
2025-02-10,febrero,Matutino,8889,0.5,4444.5,0.3,2666.7,426.672
2025-02-10,febrero,Vespertino,8330,0.5,4165,0.3,2499,399.84
2025-02-10,febrero,Nocturno,7508,0.5,3754,0.3,2252.4,360.384
2025-02-11,febrero,Matutino,8242,0.5,4121,0.3,2472.6,395.616
2025-02-11,febrero,Vespertino,8075,0.5,4037.5,0.3,2422.5,387.6
2025-02-11,febrero,Nocturno,7294,0.5,3647,0.3,2188.2,350.112
2025-02-12,febrero,Matutino,9017,0.5,4508.5,0.3,2705.1,432.816
2025-02-12,febrero,Vespertino,8047,0.5,4023.5,0.3,2414.1,386.256
2025-02-12,febrero,Nocturno,7415,0.5,3707.5,0.3,2224.5,355.92
2025-02-13,febrero,Matutino,8810,0.5,4405,0.3,2643,422.88
2025-02-13,febrero,Vespertino,8062,0.5,4031,0.3,2418.6,386.976
2025-02-13,febrero,Nocturno,7935,0.5,3967.5,0.3,2380.5,380.88
2025-02-14,febrero,Matutino,8889,0.5,4444.5,0.3,2666.7,426.672
2025-02-14,febrero,Vespertino,8000,0.5,4000,0.3,2400,384
2025-02-14,febrero,Nocturno,7815,0.5,3907.5,0.3,2344.5,375.12
2025-02-15,febrero,Matutino,7283,0.5,3641.5,0.3,2184.9,349.584
2025-02-15,febrero,Vespertino,6961,0.5,3480.5,0.3,2088.3,334.128
2025-02-15,febrero,Nocturno,6165,0.5,3082.5,0.3,1849.5,295.92
2025-02-16,febrero,Matutino,7375,0.5,3687.5,0.3,2212.5,354
2025-02-16,febrero,Vespertino,6826,0.5,3413,0.3,2047.8,327.648
2025-02-16,febrero,Nocturno,6931,0.5,3465.5,0.3,2079.3,332.688
2025-02-17,febrero,Matutino,8300,0.5,4150,0.3,2490,398.4
2025-02-17,febrero,Vespertino,7934,0.5,3967,0.3,2380.2,380.832
2025-02-17,febrero,Nocturno,7175,0.5,3587.5,0.3,2152.5,344.4
2025-02-18,febrero,Matutino,8760,0.5,4380,0.3,2628,420.48
2025-02-18,febrero,Vespertino,7763,0.5,3881.5,0.3,2328.9,372.624
2025-02-18,febrero,Nocturno,7454,0.5,3727,0.3,2236.2,357.792
2025-02-19,febrero,Matutino,8108,0.5,4054,0.3,2432.4,389.184
2025-02-19,febrero,Vespertino,8071,0.5,4035.5,0.3,2421.3,387.408
2025-02-19,febrero,Nocturno,7628,0.5,3814,0.3,2288.4,366.144
2025-02-20,febrero,Matutino,8485,0.5,4242.5,0.3,2545.5,407.28
2025-02-20,febrero,Vespertino,8116,0.5,4058,0.3,2434.8,389.568
2025-02-20,febrero,Nocturno,7775,0.5,3887.5,0.3,2332.5,373.2
2025-02-21,febrero,Matutino,8345,0.5,4172.5,0.3,2503.5,400.56
2025-02-21,febrero,Vespertino,8465,0.5,4232.5,0.3,2539.5,406.32
2025-02-21,febrero,Nocturno,8022,0.5,4011,0.3,2406.6,385.056
2025-02-22,febrero,Matutino,7311,0.5,3655.5,0.3,2193.3,350.928
2025-02-22,febrero,Vespertino,7006,0.5,3503,0.3,2101.8,336.288
2025-02-22,febrero,Nocturno,6577,0.5,3288.5,0.3,1973.1,315.696
2025-02-23,febrero,Matutino,6935,0.5,3467.5,0.3,2080.5,332.88
2025-02-23,febrero,Vespertino,7166,0.5,3583,0.3,2149.8,343.968
2025-02-23,febrero,Nocturno,6643,0.5,3321.5,0.3,1992.9,318.864
2025-02-24,febrero,Matutino,8137,0.5,4068.5,0.3,2441.1,390.576
2025-02-24,febrero,Vespertino,8100,0.5,4050,0.3,2430,388.8
2025-02-24,febrero,Nocturno,7542,0.5,3771,0.3,2262.6,362.016
2025-02-25,febrero,Matutino,8028,0.5,4014,0.3,2408.4,385.344
2025-02-25,febrero,Vespertino,8034,0.5,4017,0.3,2410.2,385.632
2025-02-25,febrero,Nocturno,7799,0.5,3899.5,0.3,2339.7,374.352
2025-02-26,febrero,Matutino,8781,0.5,4390.5,0.3,2634.3,421.488
2025-02-26,febrero,Vespertino,8184,0.5,4092,0.3,2455.2,392.832
2025-02-26,febrero,Nocturno,7351,0.5,3675.5,0.3,2205.3,352.848
2025-02-27,febrero,Matutino,8609,0.5,4304.5,0.3,2582.7,413.232
2025-02-27,febrero,Vespertino,8210,0.5,4105,0.3,2463,394.08
2025-02-27,febrero,Nocturno,7952,0.5,3976,0.3,2385.6,381.696
2025-02-28,febrero,Matutino,8142,0.5,4071,0.3,2442.6,390.816
2025-02-28,febrero,Vespertino,8035,0.5,4017.5,0.3,2410.5,385.68
2025-02-28,febrero,Nocturno,7525,0.5,3762.5,0.3,2257.5,361.2
2025-03-01,marzo,Matutino,8297,0.5,4148.5,0.3,2489.1,398.256
2025-03-01,marzo,Vespertino,8082,0.5,4041,0.3,2424.6,387.936
2025-03-01,marzo,Nocturno,7600,0.5,3800,0.3,2280,364.8
2025-03-02,marzo,Matutino,8341,0.5,4170.5,0.3,2502.3,400.368
2025-03-02,marzo,Vespertino,8263,0.5,4131.5,0.3,2478.9,396.624
2025-03-02,marzo,Nocturno,7957,0.5,3978.5,0.3,2387.1,381.936
2025-03-03,marzo,Matutino,10417,0.5,5208.5,0.3,3125.1,500.016
2025-03-03,marzo,Vespertino,9717,0.5,4858.5,0.3,2915.1,466.416
2025-03-03,marzo,Nocturno,9665,0.5,4832.5,0.3,2899.5,463.92
2025-03-04,marzo,Matutino,9947,0.5,4973.5,0.3,2984.1,477.456
2025-03-04,marzo,Vespertino,9568,0.5,4784,0.3,2870.4,459.264
2025-03-04,marzo,Nocturno,8728,0.5,4364,0.3,2618.4,418.944
2025-03-05,marzo,Matutino,10144,0.5,5072,0.3,3043.2,486.912
2025-03-05,marzo,Vespertino,9364,0.5,4682,0.3,2809.2,449.472
2025-03-05,marzo,Nocturno,8867,0.5,4433.5,0.3,2660.1,425.616
2025-03-06,marzo,Matutino,9369,0.5,4684.5,0.3,2810.7,449.712
2025-03-06,marzo,Vespertino,9516,0.5,4758,0.3,2854.8,456.768
2025-03-06,marzo,Nocturno,9143,0.5,4571.5,0.3,2742.9,438.864
2025-03-07,marzo,Matutino,9770,0.5,4885,0.3,2931,468.96
2025-03-07,marzo,Vespertino,9081,0.5,4540.5,0.3,2724.3,435.888
2025-03-07,marzo,Nocturno,8960,0.5,4480,0.3,2688,430.08
2025-03-08,marzo,Matutino,8561,0.5,4280.5,0.3,2568.3,410.928
2025-03-08,marzo,Vespertino,7956,0.5,3978,0.3,2386.8,381.888
2025-03-08,marzo,Nocturno,7458,0.5,3729,0.3,2237.4,357.984
2025-03-09,marzo,Matutino,8988,0.5,4494,0.3,2696.4,431.424
2025-03-09,marzo,Vespertino,7895,0.5,3947.5,0.3,2368.5,378.96
2025-03-09,marzo,Nocturno,7354,0.5,3677,0.3,2206.2,352.992
2025-03-10,marzo,Matutino,9553,0.5,4776.5,0.3,2865.9,458.544
2025-03-10,marzo,Vespertino,9536,0.5,4768,0.3,2860.8,457.728
2025-03-10,marzo,Nocturno,8722,0.5,4361,0.3,2616.6,418.656
2025-03-11,marzo,Matutino,10128,0.5,5064,0.3,3038.4,486.144
2025-03-11,marzo,Vespertino,9284,0.5,4642,0.3,2785.2,445.632
2025-03-11,marzo,Nocturno,8572,0.5,4286,0.3,2571.6,411.456
2025-03-12,marzo,Matutino,9732,0.5,4866,0.3,2919.6,467.136
2025-03-12,marzo,Vespertino,9427,0.5,4713.5,0.3,2828.1,452.496
2025-03-12,marzo,Nocturno,9500,0.5,4750,0.3,2850,456
2025-03-13,marzo,Matutino,9754,0.5,4877,0.3,2926.2,468.192
2025-03-13,marzo,Vespertino,9519,0.5,4759.5,0.3,2855.7,456.912
2025-03-13,marzo,Nocturno,8939,0.5,4469.5,0.3,2681.7,429.072
2025-03-14,marzo,Matutino,10083,0.5,5041.5,0.3,3024.9,483.984
2025-03-14,marzo,Vespertino,9724,0.5,4862,0.3,2917.2,466.752
2025-03-14,marzo,Nocturno,8909,0.5,4454.5,0.3,2672.7,427.632
2025-03-15,marzo,Matutino,8825,0.5,4412.5,0.3,2647.5,423.6
2025-03-15,marzo,Vespertino,7810,0.5,3905,0.3,2343,374.88
2025-03-15,marzo,Nocturno,7557,0.5,3778.5,0.3,2267.1,362.736
2025-03-16,marzo,Matutino,8312,0.5,4156,0.3,2493.6,398.976
2025-03-16,marzo,Vespertino,7955,0.5,3977.5,0.3,2386.5,381.84
2025-03-16,marzo,Nocturno,7641,0.5,3820.5,0.3,2292.3,366.768
2025-03-17,marzo,Matutino,9770,0.5,4885,0.3,2931,468.96
2025-03-17,marzo,Vespertino,9902,0.5,4951,0.3,2970.6,475.296
2025-03-17,marzo,Nocturno,8892,0.5,4446,0.3,2667.6,426.816
2025-03-18,marzo,Matutino,9627,0.5,4813.5,0.3,2888.1,462.096
2025-03-18,marzo,Vespertino,9064,0.5,4532,0.3,2719.2,435.072
2025-03-18,marzo,Nocturno,9271,0.5,4635.5,0.3,2781.3,445.008
2025-03-19,marzo,Matutino,9789,0.5,4894.5,0.3,2936.7,469.872
2025-03-19,marzo,Vespertino,9230,0.5,4615,0.3,2769,443.04
2025-03-19,marzo,Nocturno,8561,0.5,4280.5,0.3,2568.3,410.928
2025-03-20,marzo,Matutino,9616,0.5,4808,0.3,2884.8,461.568
2025-03-20,marzo,Vespertino,8941,0.5,4470.5,0.3,2682.3,429.168
2025-03-20,marzo,Nocturno,9263,0.5,4631.5,0.3,2778.9,444.624
2025-03-21,marzo,Matutino,10120,0.5,5060,0.3,3036,485.76
2025-03-21,marzo,Vespertino,9543,0.5,4771.5,0.3,2862.9,458.064
2025-03-21,marzo,Nocturno,8910,0.5,4455,0.3,2673,427.68
2025-03-22,marzo,Matutino,8660,0.5,4330,0.3,2598,415.68
2025-03-22,marzo,Vespertino,7919,0.5,3959.5,0.3,2375.7,380.112
2025-03-22,marzo,Nocturno,7327,0.5,3663.5,0.3,2198.1,351.696
2025-03-23,marzo,Matutino,8435,0.5,4217.5,0.3,2530.5,404.88
2025-03-23,marzo,Vespertino,8287,0.5,4143.5,0.3,2486.1,397.776
2025-03-23,marzo,Nocturno,7363,0.5,3681.5,0.3,2208.9,353.424
2025-03-24,marzo,Matutino,9757,0.5,4878.5,0.3,2927.1,468.336
2025-03-24,marzo,Vespertino,9368,0.5,4684,0.3,2810.4,449.664
2025-03-24,marzo,Nocturno,8597,0.5,4298.5,0.3,2579.1,412.656
2025-03-25,marzo,Matutino,9572,0.5,4786,0.3,2871.6,459.456
2025-03-25,marzo,Vespertino,9689,0.5,4844.5,0.3,2906.7,465.072
2025-03-25,marzo,Nocturno,8932,0.5,4466,0.3,2679.6,428.736
2025-03-26,marzo,Matutino,9996,0.5,4998,0.3,2998.8,479.808
2025-03-26,marzo,Vespertino,9554,0.5,4777,0.3,2866.2,458.592
2025-03-26,marzo,Nocturno,9260,0.5,4630,0.3,2778,444.48
2025-03-27,marzo,Matutino,10172,0.5,5086,0.3,3051.6,488.256
2025-03-27,marzo,Vespertino,9064,0.5,4532,0.3,2719.2,435.072
2025-03-27,marzo,Nocturno,9162,0.5,4581,0.3,2748.6,439.776
2025-03-28,marzo,Matutino,9863,0.5,4931.5,0.3,2958.9,473.424
2025-03-28,marzo,Vespertino,9723,0.5,4861.5,0.3,2916.9,466.704
2025-03-28,marzo,Nocturno,8679,0.5,4339.5,0.3,2603.7,416.592
2025-03-29,marzo,Matutino,8338,0.5,4169,0.3,2501.4,400.224
2025-03-29,marzo,Vespertino,7870,0.5,3935,0.3,2361,377.76
2025-03-29,marzo,Nocturno,7546,0.5,3773,0.3,2263.8,362.208
2025-03-30,marzo,Matutino,8617,0.5,4308.5,0.3,2585.1,413.616
2025-03-30,marzo,Vespertino,8155,0.5,4077.5,0.3,2446.5,391.44
2025-03-30,marzo,Nocturno,7818,0.5,3909,0.3,2345.4,375.264
2025-03-31,marzo,Matutino,10065,0.5,5032.5,0.3,3019.5,483.12
2025-03-31,marzo,Vespertino,9750,0.5,4875,0.3,2925,468
2025-03-31,marzo,Nocturno,8803,0.5,4401.5,0.3,2640.9,422.544
2025-04-01,abril,Matutino,11194,0.5,5597,0.3,3358.2,537.312
2025-04-01,abril,Vespertino,10499,0.5,5249.5,0.3,3149.7,503.952
2025-04-01,abril,Nocturno,9714,0.5,4857,0.3,2914.2,466.272
2025-04-02,abril,Matutino,11640,0.5,5820,0.3,3492,558.72
2025-04-02,abril,Vespertino,10368,0.5,5184,0.3,3110.4,497.664
2025-04-02,abril,Nocturno,9817,0.5,4908.5,0.3,2945.1,471.216
2025-04-03,abril,Matutino,11694,0.5,5847,0.3,3508.2,561.312
2025-04-03,abril,Vespertino,11004,0.5,5502,0.3,3301.2,528.192
2025-04-03,abril,Nocturno,9758,0.5,4879,0.3,2927.4,468.384
2025-04-04,abril,Matutino,10823,0.5,5411.5,0.3,3246.9,519.504
2025-04-04,abril,Vespertino,10698,0.5,5349,0.3,3209.4,513.504
2025-04-04,abril,Nocturno,9867,0.5,4933.5,0.3,2960.1,473.616
2025-04-05,abril,Matutino,9543,0.5,4771.5,0.3,2862.9,458.064
2025-04-05,abril,Vespertino,8771,0.5,4385.5,0.3,2631.3,421.008
2025-04-05,abril,Nocturno,8433,0.5,4216.5,0.3,2529.9,404.784
2025-04-06,abril,Matutino,8873,0.5,4436.5,0.3,2661.9,425.904
2025-04-06,abril,Vespertino,8541,0.5,4270.5,0.3,2562.3,409.968
2025-04-06,abril,Nocturno,8312,0.5,4156,0.3,2493.6,398.976
2025-04-07,abril,Matutino,10541,0.5,5270.5,0.3,3162.3,505.968
2025-04-07,abril,Vespertino,11005,0.5,5502.5,0.3,3301.5,528.24
2025-04-07,abril,Nocturno,10186,0.5,5093,0.3,3055.8,488.928
2025-04-08,abril,Matutino,11102,0.5,5551,0.3,3330.6,532.896
2025-04-08,abril,Vespertino,10356,0.5,5178,0.3,3106.8,497.088
2025-04-08,abril,Nocturno,9458,0.5,4729,0.3,2837.4,453.984
2025-04-09,abril,Matutino,10947,0.5,5473.5,0.3,3284.1,525.456
2025-04-09,abril,Vespertino,10823,0.5,5411.5,0.3,3246.9,519.504
2025-04-09,abril,Nocturno,10278,0.5,5139,0.3,3083.4,493.344
2025-04-10,abril,Matutino,10875,0.5,5437.5,0.3,3262.5,522
2025-04-10,abril,Vespertino,10387,0.5,5193.5,0.3,3116.1,498.576
2025-04-10,abril,Nocturno,9957,0.5,4978.5,0.3,2987.1,477.936
2025-04-11,abril,Matutino,10579,0.5,5289.5,0.3,3173.7,507.792
2025-04-11,abril,Vespertino,10062,0.5,5031,0.3,3018.6,482.976
2025-04-11,abril,Nocturno,9948,0.5,4974,0.3,2984.4,477.504
2025-04-12,abril,Matutino,9120,0.5,4560,0.3,2736,437.76
2025-04-12,abril,Vespertino,8967,0.5,4483.5,0.3,2690.1,430.416
2025-04-12,abril,Nocturno,8240,0.5,4120,0.3,2472,395.52
2025-04-13,abril,Matutino,9684,0.5,4842,0.3,2905.2,464.832
2025-04-13,abril,Vespertino,8382,0.5,4191,0.3,2514.6,402.336
2025-04-13,abril,Nocturno,8048,0.5,4024,0.3,2414.4,386.304
2025-04-14,abril,Matutino,10655,0.5,5327.5,0.3,3196.5,511.44
2025-04-14,abril,Vespertino,10172,0.5,5086,0.3,3051.6,488.256
2025-04-14,abril,Nocturno,10302,0.5,5151,0.3,3090.6,494.496
2025-04-15,abril,Matutino,10328,0.5,5164,0.3,3098.4,495.744
2025-04-15,abril,Vespertino,10720,0.5,5360,0.3,3216,514.56
2025-04-15,abril,Nocturno,9822,0.5,4911,0.3,2946.6,471.456
2025-04-16,abril,Matutino,10502,0.5,5251,0.3,3150.6,504.096
2025-04-16,abril,Vespertino,10709,0.5,5354.5,0.3,3212.7,514.032
2025-04-16,abril,Nocturno,10283,0.5,5141.5,0.3,3084.9,493.584
2025-04-17,abril,Matutino,10880,0.5,5440,0.3,3264,522.24
2025-04-17,abril,Vespertino,10739,0.5,5369.5,0.3,3221.7,515.472
2025-04-17,abril,Nocturno,9455,0.5,4727.5,0.3,2836.5,453.84
2025-04-18,abril,Matutino,11336,0.5,5668,0.3,3400.8,544.128
2025-04-18,abril,Vespertino,9975,0.5,4987.5,0.3,2992.5,478.8
2025-04-18,abril,Nocturno,9664,0.5,4832,0.3,2899.2,463.872
2025-04-19,abril,Matutino,9632,0.5,4816,0.3,2889.6,462.336
2025-04-19,abril,Vespertino,8574,0.5,4287,0.3,2572.2,411.552
2025-04-19,abril,Nocturno,8360,0.5,4180,0.3,2508,401.28
2025-04-20,abril,Matutino,9600,0.5,4800,0.3,2880,460.8
2025-04-20,abril,Vespertino,9059,0.5,4529.5,0.3,2717.7,434.832
2025-04-20,abril,Nocturno,8266,0.5,4133,0.3,2479.8,396.768
2025-04-21,abril,Matutino,10546,0.5,5273,0.3,3163.8,506.208
2025-04-21,abril,Vespertino,10111,0.5,5055.5,0.3,3033.3,485.328
2025-04-21,abril,Nocturno,9656,0.5,4828,0.3,2896.8,463.488
2025-04-22,abril,Matutino,11501,0.5,5750.5,0.3,3450.3,552.048
2025-04-22,abril,Vespertino,10355,0.5,5177.5,0.3,3106.5,497.04
2025-04-22,abril,Nocturno,10521,0.5,5260.5,0.3,3156.3,505.008
2025-04-23,abril,Matutino,10580,0.5,5290,0.3,3174,507.84
2025-04-23,abril,Vespertino,11054,0.5,5527,0.3,3316.2,530.592
2025-04-23,abril,Nocturno,9932,0.5,4966,0.3,2979.6,476.736
2025-04-24,abril,Matutino,10575,0.5,5287.5,0.3,3172.5,507.6
2025-04-24,abril,Vespertino,10254,0.5,5127,0.3,3076.2,492.192
2025-04-24,abril,Nocturno,9500,0.5,4750,0.3,2850,456
2025-04-25,abril,Matutino,11277,0.5,5638.5,0.3,3383.1,541.296
2025-04-25,abril,Vespertino,10179,0.5,5089.5,0.3,3053.7,488.592
2025-04-25,abril,Nocturno,9704,0.5,4852,0.3,2911.2,465.792
2025-04-26,abril,Matutino,9444,0.5,4722,0.3,2833.2,453.312
2025-04-26,abril,Vespertino,8777,0.5,4388.5,0.3,2633.1,421.296
2025-04-26,abril,Nocturno,8212,0.5,4106,0.3,2463.6,394.176
2025-04-27,abril,Matutino,9051,0.5,4525.5,0.3,2715.3,434.448
2025-04-27,abril,Vespertino,8803,0.5,4401.5,0.3,2640.9,422.544
2025-04-27,abril,Nocturno,7985,0.5,3992.5,0.3,2395.5,383.28
2025-04-28,abril,Matutino,11331,0.5,5665.5,0.3,3399.3,543.888
2025-04-28,abril,Vespertino,10768,0.5,5384,0.3,3230.4,516.864
2025-04-28,abril,Nocturno,9751,0.5,4875.5,0.3,2925.3,468.048
2025-04-29,abril,Matutino,10961,0.5,5480.5,0.3,3288.3,526.128
2025-04-29,abril,Vespertino,10985,0.5,5492.5,0.3,3295.5,527.28
2025-04-29,abril,Nocturno,9988,0.5,4994,0.3,2996.4,479.424
2025-04-30,abril,Matutino,10262,0.5,5131,0.3,3078.6,492.576
2025-04-30,abril,Vespertino,10699,0.5,5349.5,0.3,3209.7,513.552
2025-04-30,abril,Nocturno,10158,0.5,5079,0.3,3047.4,487.584
2025-05-01,mayo,Matutino,11622,0.5,5811,0.3,3486.6,557.856
2025-05-01,mayo,Vespertino,10973,0.5,5486.5,0.3,3291.9,526.704
2025-05-01,mayo,Nocturno,10500,0.5,5250,0.3,3150,504
2025-05-02,mayo,Matutino,11738,0.5,5869,0.3,3521.4,563.424
2025-05-02,mayo,Vespertino,11645,0.5,5822.5,0.3,3493.5,558.96
2025-05-02,mayo,Nocturno,11415,0.5,5707.5,0.3,3424.5,547.92
2025-05-03,mayo,Matutino,10615,0.5,5307.5,0.3,3184.5,509.52
2025-05-03,mayo,Vespertino,9443,0.5,4721.5,0.3,2832.9,453.264
2025-05-03,mayo,Nocturno,9082,0.5,4541,0.3,2724.6,435.936
2025-05-04,mayo,Matutino,10182,0.5,5091,0.3,3054.6,488.736
2025-05-04,mayo,Vespertino,9211,0.5,4605.5,0.3,2763.3,442.128
2025-05-04,mayo,Nocturno,8728,0.5,4364,0.3,2618.4,418.944
2025-05-05,mayo,Matutino,11594,0.5,5797,0.3,3478.2,556.512
2025-05-05,mayo,Vespertino,11922,0.5,5961,0.3,3576.6,572.256
2025-05-05,mayo,Nocturno,11262,0.5,5631,0.3,3378.6,540.576
2025-05-06,mayo,Matutino,11832,0.5,5916,0.3,3549.6,567.936
2025-05-06,mayo,Vespertino,12041,0.5,6020.5,0.3,3612.3,577.968
2025-05-06,mayo,Nocturno,10254,0.5,5127,0.3,3076.2,492.192
2025-05-07,mayo,Matutino,12647,0.5,6323.5,0.3,3794.1,607.056
2025-05-07,mayo,Vespertino,11519,0.5,5759.5,0.3,3455.7,552.912
2025-05-07,mayo,Nocturno,10832,0.5,5416,0.3,3249.6,519.936
2025-05-08,mayo,Matutino,12084,0.5,6042,0.3,3625.2,580.032
2025-05-08,mayo,Vespertino,12044,0.5,6022,0.3,3613.2,578.112
2025-05-08,mayo,Nocturno,10759,0.5,5379.5,0.3,3227.7,516.432
2025-05-09,mayo,Matutino,11939,0.5,5969.5,0.3,3581.7,573.072
2025-05-09,mayo,Vespertino,10625,0.5,5312.5,0.3,3187.5,510
2025-05-09,mayo,Nocturno,10772,0.5,5386,0.3,3231.6,517.056
2025-05-10,mayo,Matutino,10482,0.5,5241,0.3,3144.6,503.136
2025-05-10,mayo,Vespertino,9941,0.5,4970.5,0.3,2982.3,477.168
2025-05-10,mayo,Nocturno,9498,0.5,4749,0.3,2849.4,455.904
2025-05-11,mayo,Matutino,9879,0.5,4939.5,0.3,2963.7,474.192
2025-05-11,mayo,Vespertino,9356,0.5,4678,0.3,2806.8,449.088
2025-05-11,mayo,Nocturno,8764,0.5,4382,0.3,2629.2,420.672
2025-05-12,mayo,Matutino,11198,0.5,5599,0.3,3359.4,537.504
2025-05-12,mayo,Vespertino,11923,0.5,5961.5,0.3,3576.9,572.304
2025-05-12,mayo,Nocturno,11473,0.5,5736.5,0.3,3441.9,550.704
2025-05-13,mayo,Matutino,12367,0.5,6183.5,0.3,3710.1,593.616
2025-05-13,mayo,Vespertino,11193,0.5,5596.5,0.3,3357.9,537.264
2025-05-13,mayo,Nocturno,11276,0.5,5638,0.3,3382.8,541.248
2025-05-14,mayo,Matutino,11643,0.5,5821.5,0.3,3492.9,558.864
2025-05-14,mayo,Vespertino,10916,0.5,5458,0.3,3274.8,523.968
2025-05-14,mayo,Nocturno,11111,0.5,5555.5,0.3,3333.3,533.328
2025-05-15,mayo,Matutino,12095,0.5,6047.5,0.3,3628.5,580.56
2025-05-15,mayo,Vespertino,11660,0.5,5830,0.3,3498,559.68
2025-05-15,mayo,Nocturno,10358,0.5,5179,0.3,3107.4,497.184
2025-05-16,mayo,Matutino,11671,0.5,5835.5,0.3,3501.3,560.208
2025-05-16,mayo,Vespertino,11661,0.5,5830.5,0.3,3498.3,559.728
2025-05-16,mayo,Nocturno,10848,0.5,5424,0.3,3254.4,520.704
2025-05-17,mayo,Matutino,10498,0.5,5249,0.3,3149.4,503.904
2025-05-17,mayo,Vespertino,9907,0.5,4953.5,0.3,2972.1,475.536
2025-05-17,mayo,Nocturno,9003,0.5,4501.5,0.3,2700.9,432.144
2025-05-18,mayo,Matutino,10349,0.5,5174.5,0.3,3104.7,496.752
2025-05-18,mayo,Vespertino,10229,0.5,5114.5,0.3,3068.7,490.992
2025-05-18,mayo,Nocturno,9526,0.5,4763,0.3,2857.8,457.248
2025-05-19,mayo,Matutino,12409,0.5,6204.5,0.3,3722.7,595.632
2025-05-19,mayo,Vespertino,10991,0.5,5495.5,0.3,3297.3,527.568
2025-05-19,mayo,Nocturno,11207,0.5,5603.5,0.3,3362.1,537.936
2025-05-20,mayo,Matutino,12052,0.5,6026,0.3,3615.6,578.496
2025-05-20,mayo,Vespertino,11769,0.5,5884.5,0.3,3530.7,564.912
2025-05-20,mayo,Nocturno,11385,0.5,5692.5,0.3,3415.5,546.48
2025-05-21,mayo,Matutino,12053,0.5,6026.5,0.3,3615.9,578.544
2025-05-21,mayo,Vespertino,11668,0.5,5834,0.3,3500.4,560.064
2025-05-21,mayo,Nocturno,10486,0.5,5243,0.3,3145.8,503.328
2025-05-22,mayo,Matutino,12063,0.5,6031.5,0.3,3618.9,579.024
2025-05-22,mayo,Vespertino,10950,0.5,5475,0.3,3285,525.6
2025-05-22,mayo,Nocturno,11098,0.5,5549,0.3,3329.4,532.704
2025-05-23,mayo,Matutino,12475,0.5,6237.5,0.3,3742.5,598.8
2025-05-23,mayo,Vespertino,11857,0.5,5928.5,0.3,3557.1,569.136
2025-05-23,mayo,Nocturno,11339,0.5,5669.5,0.3,3401.7,544.272
2025-05-24,mayo,Matutino,9697,0.5,4848.5,0.3,2909.1,465.456
2025-05-24,mayo,Vespertino,9490,0.5,4745,0.3,2847,455.52
2025-05-24,mayo,Nocturno,9576,0.5,4788,0.3,2872.8,459.648
2025-05-25,mayo,Matutino,9997,0.5,4998.5,0.3,2999.1,479.856
2025-05-25,mayo,Vespertino,9547,0.5,4773.5,0.3,2864.1,458.256
2025-05-25,mayo,Nocturno,8684,0.5,4342,0.3,2605.2,416.832
2025-05-26,mayo,Matutino,11499,0.5,5749.5,0.3,3449.7,551.952
2025-05-26,mayo,Vespertino,11023,0.5,5511.5,0.3,3306.9,529.104
2025-05-26,mayo,Nocturno,10466,0.5,5233,0.3,3139.8,502.368
2025-05-27,mayo,Matutino,11659,0.5,5829.5,0.3,3497.7,559.632
2025-05-27,mayo,Vespertino,11731,0.5,5865.5,0.3,3519.3,563.088
2025-05-27,mayo,Nocturno,10162,0.5,5081,0.3,3048.6,487.776
2025-05-28,mayo,Matutino,11978,0.5,5989,0.3,3593.4,574.944
2025-05-28,mayo,Vespertino,11241,0.5,5620.5,0.3,3372.3,539.568
2025-05-28,mayo,Nocturno,10720,0.5,5360,0.3,3216,
2025-05-29,mayo,Matutino,12577,0.5,6288.5,0.3,3773.1,
2025-05-29,mayo,Vespertino,11656,0.5,5828,0.3,3496.8,
2025-05-29,mayo,Nocturno,10695,0.5,5347.5,0.3,3208.5,
2025-05-30,mayo,Matutino,11644,0.5,5822,0.3,3493.2,
2025-05-30,mayo,Vespertino,11591,0.5,5795.5,0.3,3477.3,
2025-05-30,mayo,Nocturno,10897,0.5,5448.5,0.3,3269.1,
2025-05-31,mayo,Matutino,9602,0.5,4801,0.3,2880.6,
2025-05-31,mayo,Vespertino,10017,0.5,5008.5,0.3,3005.1,
2025-05-31,mayo,Nocturno,9363,0.5,4681.5,0.3,2808.9,
2025-06-01,junio,Matutino,9688,0.5,4844,0.3,2906.4,
2025-06-01,junio,Vespertino,9268,0.5,4634,0.3,2780.4,
2025-06-01,junio,Nocturno,8834,0.5,4417,0.3,2650.2,
2025-06-02,junio,Matutino,11970,0.5,5985,0.3,3591,
2025-06-02,junio,Vespertino,11407,0.5,5703.5,0.3,3422.1,
2025-06-02,junio,Nocturno,10599,0.5,5299.5,0.3,3179.7,
2025-06-03,junio,Matutino,11491,0.5,5745.5,0.3,3447.3,
2025-06-03,junio,Vespertino,10662,0.5,5331,0.3,3198.6,
2025-06-03,junio,Nocturno,10505,0.5,5252.5,0.3,3151.5,
2025-06-04,junio,Matutino,11148,0.5,5574,0.3,3344.4,
2025-06-04,junio,Vespertino,10863,0.5,5431.5,0.3,3258.9,
2025-06-04,junio,Nocturno,10743,0.5,5371.5,0.3,3222.9,
2025-06-05,junio,Matutino,12123,0.5,6061.5,0.3,3636.9,
2025-06-05,junio,Vespertino,11073,0.5,5536.5,0.3,3321.9,
2025-06-05,junio,Nocturno,9916,0.5,4958,0.3,2974.8,
2025-06-06,junio,Matutino,12072,0.5,6036,0.3,3621.6,
2025-06-06,junio,Vespertino,10867,0.5,5433.5,0.3,3260.1,
2025-06-06,junio,Nocturno,10386,0.5,5193,0.3,3115.8,
2025-06-07,junio,Matutino,9696,0.5,4848,0.3,2908.8,
2025-06-07,junio,Vespertino,9241,0.5,4620.5,0.3,2772.3,
2025-06-07,junio,Nocturno,8435,0.5,4217.5,0.3,2530.5,
2025-06-08,junio,Matutino,9804,0.5,4902,0.3,2941.2,
2025-06-08,junio,Vespertino,8862,0.5,4431,0.3,2658.6,
2025-06-08,junio,Nocturno,8681,0.5,4340.5,0.3,2604.3,
2025-06-09,junio,Matutino,11981,0.5,5990.5,0.3,3594.3,
2025-06-09,junio,Vespertino,10434,0.5,5217,0.3,3130.2,
2025-06-09,junio,Nocturno,10162,0.5,5081,0.3,3048.6,
2025-06-10,junio,Matutino,11807,0.5,5903.5,0.3,3542.1,
2025-06-10,junio,Vespertino,10673,0.5,5336.5,0.3,3201.9,
2025-06-10,junio,Nocturno,9864,0.5,4932,0.3,2959.2,
2025-06-11,junio,Matutino,11482,0.5,5741,0.3,3444.6,
2025-06-11,junio,Vespertino,10439,0.5,5219.5,0.3,3131.7,
2025-06-11,junio,Nocturno,10643,0.5,5321.5,0.3,3192.9,
2025-06-12,junio,Matutino,10979,0.5,5489.5,0.3,3293.7,
2025-06-12,junio,Vespertino,11031,0.5,5515.5,0.3,3309.3,
2025-06-12,junio,Nocturno,10789,0.5,5394.5,0.3,3236.7,
2025-06-13,junio,Matutino,11779,0.5,5889.5,0.3,3533.7,
2025-06-13,junio,Vespertino,10353,0.5,5176.5,0.3,3105.9,
2025-06-13,junio,Nocturno,10368,0.5,5184,0.3,3110.4,
2025-06-14,junio,Matutino,9386,0.5,4693,0.3,2815.8,
2025-06-14,junio,Vespertino,9574,0.5,4787,0.3,2872.2,
2025-06-14,junio,Nocturno,8281,0.5,4140.5,0.3,2484.3,
2025-06-15,junio,Matutino,9395,0.5,4697.5,0.3,2818.5,
2025-06-15,junio,Vespertino,9353,0.5,4676.5,0.3,2805.9,
2025-06-15,junio,Nocturno,9030,0.5,4515,0.3,2709,
2025-06-16,junio,Matutino,11894,0.5,5947,0.3,3568.2,
2025-06-16,junio,Vespertino,11474,0.5,5737,0.3,3442.2,
2025-06-16,junio,Nocturno,10144,0.5,5072,0.3,3043.2,
2025-06-17,junio,Matutino,11726,0.5,5863,0.3,3517.8,
2025-06-17,junio,Vespertino,11085,0.5,5542.5,0.3,3325.5,
2025-06-17,junio,Nocturno,10384,0.5,5192,0.3,3115.2,
2025-06-18,junio,Matutino,11454,0.5,5727,0.3,3436.2,
2025-06-18,junio,Vespertino,10903,0.5,5451.5,0.3,3270.9,
2025-06-18,junio,Nocturno,10231,0.5,5115.5,0.3,3069.3,
2025-06-19,junio,Matutino,12096,0.5,6048,0.3,3628.8,
2025-06-19,junio,Vespertino,11423,0.5,5711.5,0.3,3426.9,
2025-06-19,junio,Nocturno,10122,0.5,5061,0.3,3036.6,
2025-06-20,junio,Matutino,11808,0.5,5904,0.3,3542.4,
2025-06-20,junio,Vespertino,11188,0.5,5594,0.3,3356.4,
2025-06-20,junio,Nocturno,9803,0.5,4901.5,0.3,2940.9,
2025-06-21,junio,Matutino,9527,0.5,4763.5,0.3,2858.1,
2025-06-21,junio,Vespertino,9433,0.5,4716.5,0.3,2829.9,
2025-06-21,junio,Nocturno,8777,0.5,4388.5,0.3,2633.1,
2025-06-22,junio,Matutino,9640,0.5,4820,0.3,2892,
2025-06-22,junio,Vespertino,9321,0.5,4660.5,0.3,2796.3,
2025-06-22,junio,Nocturno,9426,0.5,4713,0.3,2827.8,
2025-06-23,junio,Matutino,11646,0.5,5823,0.3,3493.8,
2025-06-23,junio,Vespertino,11272,0.5,5636,0.3,3381.6,
2025-06-23,junio,Nocturno,10429,0.5,5214.5,0.3,3128.7,
2025-06-24,junio,Matutino,11950,0.5,5975,0.3,3585,
2025-06-24,junio,Vespertino,11026,0.5,5513,0.3,3307.8,
2025-06-24,junio,Nocturno,10933,0.5,5466.5,0.3,3279.9,
2025-06-25,junio,Matutino,11333,0.5,5666.5,0.3,3399.9,
2025-06-25,junio,Vespertino,11077,0.5,5538.5,0.3,3323.1,
2025-06-25,junio,Nocturno,10437,0.5,5218.5,0.3,3131.1,
2025-06-26,junio,Matutino,11336,0.5,5668,0.3,3400.8,
2025-06-26,junio,Vespertino,10340,0.5,5170,0.3,3102,
2025-06-26,junio,Nocturno,10880,0.5,5440,0.3,3264,
2025-06-27,junio,Matutino,11088,0.5,5544,0.3,3326.4,
2025-06-27,junio,Vespertino,11447,0.5,5723.5,0.3,3434.1,
2025-06-27,junio,Nocturno,10278,0.5,5139,0.3,3083.4,
2025-06-28,junio,Matutino,9648,0.5,4824,0.3,2894.4,
2025-06-28,junio,Vespertino,8983,0.5,4491.5,0.3,2694.9,
2025-06-28,junio,Nocturno,9373,0.5,4686.5,0.3,2811.9,
2025-06-29,junio,Matutino,9696,0.5,4848,0.3,2908.8,
2025-06-29,junio,Vespertino,9484,0.5,4742,0.3,2845.2,
2025-06-29,junio,Nocturno,8579,0.5,4289.5,0.3,2573.7,
2025-06-30,junio,Matutino,12024,0.5,6012,0.3,3607.2,
2025-06-30,junio,Vespertino,10672,0.5,5336,0.3,3201.6,
2025-06-30,junio,Nocturno,9788,0.5,4894,0.3,2936.4,
2025-07-01,julio,Matutino,11438,0.5,5719,0.3,3431.4,
2025-07-01,julio,Vespertino,10453,0.5,5226.5,0.3,3135.9,
2025-07-01,julio,Nocturno,9617,0.5,4808.5,0.3,2885.1,
2025-07-02,julio,Matutino,11210,0.5,5605,0.3,3363,
2025-07-02,julio,Vespertino,10772,0.5,5386,0.3,3231.6,
2025-07-02,julio,Nocturno,10160,0.5,5080,0.3,3048,
2025-07-03,julio,Matutino,10987,0.5,5493.5,0.3,3296.1,
2025-07-03,julio,Vespertino,10956,0.5,5478,0.3,3286.8,
2025-07-03,julio,Nocturno,9733,0.5,4866.5,0.3,2919.9,
2025-07-04,julio,Matutino,11420,0.5,5710,0.3,3426,
2025-07-04,julio,Vespertino,10547,0.5,5273.5,0.3,3164.1,
2025-07-04,julio,Nocturno,10198,0.5,5099,0.3,3059.4,
2025-07-05,julio,Matutino,9456,0.5,4728,0.3,2836.8,
2025-07-05,julio,Vespertino,8854,0.5,4427,0.3,2656.2,
2025-07-05,julio,Nocturno,8257,0.5,4128.5,0.3,2477.1,
2025-07-06,julio,Matutino,8975,0.5,4487.5,0.3,2692.5,
2025-07-06,julio,Vespertino,8532,0.5,4266,0.3,2559.6,
2025-07-06,julio,Nocturno,8200,0.5,4100,0.3,2460,
2025-07-07,julio,Matutino,11289,0.5,5644.5,0.3,3386.7,
2025-07-07,julio,Vespertino,10777,0.5,5388.5,0.3,3233.1,
2025-07-07,julio,Nocturno,10059,0.5,5029.5,0.3,3017.7,
2025-07-08,julio,Matutino,11026,0.5,5513,0.3,3307.8,
2025-07-08,julio,Vespertino,10100,0.5,5050,0.3,3030,
2025-07-08,julio,Nocturno,9793,0.5,4896.5,0.3,2937.9,
2025-07-09,julio,Matutino,11757,0.5,5878.5,0.3,3527.1,
2025-07-09,julio,Vespertino,10844,0.5,5422,0.3,3253.2,
2025-07-09,julio,Nocturno,9816,0.5,4908,0.3,2944.8,
2025-07-10,julio,Matutino,10513,0.5,5256.5,0.3,3153.9,
2025-07-10,julio,Vespertino,10592,0.5,5296,0.3,3177.6,
2025-07-10,julio,Nocturno,10310,0.5,5155,0.3,3093,
2025-07-11,julio,Matutino,11228,0.5,5614,0.3,3368.4,
2025-07-11,julio,Vespertino,10288,0.5,5144,0.3,3086.4,
2025-07-11,julio,Nocturno,9544,0.5,4772,0.3,2863.2,
2025-07-12,julio,Matutino,9640,0.5,4820,0.3,2892,
2025-07-12,julio,Vespertino,8626,0.5,4313,0.3,2587.8,
2025-07-12,julio,Nocturno,8199,0.5,4099.5,0.3,2459.7,
2025-07-13,julio,Matutino,9405,0.5,4702.5,0.3,2821.5,
2025-07-13,julio,Vespertino,8575,0.5,4287.5,0.3,2572.5,
2025-07-13,julio,Nocturno,8704,0.5,4352,0.3,2611.2,
2025-07-14,julio,Matutino,10583,0.5,5291.5,0.3,3174.9,
2025-07-14,julio,Vespertino,10186,0.5,5093,0.3,3055.8,
2025-07-14,julio,Nocturno,10390,0.5,5195,0.3,3117,
2025-07-15,julio,Matutino,11442,0.5,5721,0.3,3432.6,
2025-07-15,julio,Vespertino,10844,0.5,5422,0.3,3253.2,
2025-07-15,julio,Nocturno,10221,0.5,5110.5,0.3,3066.3,
2025-07-16,julio,Matutino,11201,0.5,5600.5,0.3,3360.3,
2025-07-16,julio,Vespertino,11000,0.5,5500,0.3,3300,
2025-07-16,julio,Nocturno,9913,0.5,4956.5,0.3,2973.9,
2025-07-17,julio,Matutino,10998,0.5,5499,0.3,3299.4,
2025-07-17,julio,Vespertino,11019,0.5,5509.5,0.3,3305.7,
2025-07-17,julio,Nocturno,10299,0.5,5149.5,0.3,3089.7,
2025-07-18,julio,Matutino,11192,0.5,5596,0.3,3357.6,
2025-07-18,julio,Vespertino,11027,0.5,5513.5,0.3,3308.1,
2025-07-18,julio,Nocturno,9607,0.5,4803.5,0.3,2882.1,
2025-07-19,julio,Matutino,9226,0.5,4613,0.3,2767.8,
2025-07-19,julio,Vespertino,8520,0.5,4260,0.3,2556,
2025-07-19,julio,Nocturno,8879,0.5,4439.5,0.3,2663.7,
2025-07-20,julio,Matutino,9279,0.5,4639.5,0.3,2783.7,
2025-07-20,julio,Vespertino,9033,0.5,4516.5,0.3,2709.9,
2025-07-20,julio,Nocturno,8898,0.5,4449,0.3,2669.4,
2025-07-21,julio,Matutino,11114,0.5,5557,0.3,3334.2,
2025-07-21,julio,Vespertino,10650,0.5,5325,0.3,3195,
2025-07-21,julio,Nocturno,10187,0.5,5093.5,0.3,3056.1,
2025-07-22,julio,Matutino,11162,0.5,5581,0.3,3348.6,
2025-07-22,julio,Vespertino,10811,0.5,5405.5,0.3,3243.3,
2025-07-22,julio,Nocturno,9774,0.5,4887,0.3,2932.2,
2025-07-23,julio,Matutino,10865,0.5,5432.5,0.3,3259.5,
2025-07-23,julio,Vespertino,10940,0.5,5470,0.3,3282,
2025-07-23,julio,Nocturno,10554,0.5,5277,0.3,3166.2,
2025-07-24,julio,Matutino,11227,0.5,5613.5,0.3,3368.1,
2025-07-24,julio,Vespertino,10107,0.5,5053.5,0.3,3032.1,
2025-07-24,julio,Nocturno,9478,0.5,4739,0.3,2843.4,
2025-07-25,julio,Matutino,11192,0.5,5596,0.3,3357.6,
2025-07-25,julio,Vespertino,10222,0.5,5111,0.3,3066.6,
2025-07-25,julio,Nocturno,10405,0.5,5202.5,0.3,3121.5,
2025-07-26,julio,Matutino,9251,0.5,4625.5,0.3,2775.3,
2025-07-26,julio,Vespertino,8497,0.5,4248.5,0.3,2549.1,
2025-07-26,julio,Nocturno,8922,0.5,4461,0.3,2676.6,
2025-07-27,julio,Matutino,9012,0.5,4506,0.3,2703.6,
2025-07-27,julio,Vespertino,8393,0.5,4196.5,0.3,2517.9,
2025-07-27,julio,Nocturno,8313,0.5,4156.5,0.3,2493.9,
2025-07-28,julio,Matutino,11319,0.5,5659.5,0.3,3395.7,
2025-07-28,julio,Vespertino,10235,0.5,5117.5,0.3,3070.5,
2025-07-28,julio,Nocturno,10109,0.5,5054.5,0.3,3032.7,
2025-07-29,julio,Matutino,10938,0.5,5469,0.3,3281.4,
2025-07-29,julio,Vespertino,10276,0.5,5138,0.3,3082.8,
2025-07-29,julio,Nocturno,9293,0.5,4646.5,0.3,2787.9,
2025-07-30,julio,Matutino,11113,0.5,5556.5,0.3,3333.9,
2025-07-30,julio,Vespertino,9845,0.5,4922.5,0.3,2953.5,
2025-07-30,julio,Nocturno,9353,0.5,4676.5,0.3,2805.9,
2025-07-31,julio,Matutino,10449,0.5,5224.5,0.3,3134.7,
2025-07-31,julio,Vespertino,10274,0.5,5137,0.3,3082.2,
2025-07-31,julio,Nocturno,9580,0.5,4790,0.3,2874,
2025-08-01,agosto,Matutino,9994,0.5,4997,0.3,2998.2,
2025-08-01,agosto,Vespertino,9977,0.5,4988.5,0.3,2993.1,
2025-08-01,agosto,Nocturno,9799,0.5,4899.5,0.3,2939.7,
2025-08-02,agosto,Matutino,9234,0.5,4617,0.3,2770.2,
2025-08-02,agosto,Vespertino,8823,0.5,4411.5,0.3,2646.9,
2025-08-02,agosto,Nocturno,7731,0.5,3865.5,0.3,2319.3,
2025-08-03,agosto,Matutino,9003,0.5,4501.5,0.3,2700.9,
2025-08-03,agosto,Vespertino,8150,0.5,4075,0.3,2445,
2025-08-03,agosto,Nocturno,8366,0.5,4183,0.3,2509.8,
2025-08-04,agosto,Matutino,10736,0.5,5368,0.3,3220.8,
2025-08-04,agosto,Vespertino,9389,0.5,4694.5,0.3,2816.7,
2025-08-04,agosto,Nocturno,9638,0.5,4819,0.3,2891.4,
2025-08-05,agosto,Matutino,10213,0.5,5106.5,0.3,3063.9,
2025-08-05,agosto,Vespertino,9769,0.5,4884.5,0.3,2930.7,
2025-08-05,agosto,Nocturno,9716,0.5,4858,0.3,2914.8,
2025-08-06,agosto,Matutino,10741,0.5,5370.5,0.3,3222.3,
2025-08-06,agosto,Vespertino,9568,0.5,4784,0.3,2870.4,
2025-08-06,agosto,Nocturno,9352,0.5,4676,0.3,2805.6,
2025-08-07,agosto,Matutino,10439,0.5,5219.5,0.3,3131.7,
2025-08-07,agosto,Vespertino,10575,0.5,5287.5,0.3,3172.5,
2025-08-07,agosto,Nocturno,8863,0.5,4431.5,0.3,2658.9,
2025-08-08,agosto,Matutino,10652,0.5,5326,0.3,3195.6,
2025-08-08,agosto,Vespertino,10465,0.5,5232.5,0.3,3139.5,
2025-08-08,agosto,Nocturno,9588,0.5,4794,0.3,2876.4,
2025-08-09,agosto,Matutino,8700,0.5,4350,0.3,2610,
2025-08-09,agosto,Vespertino,8206,0.5,4103,0.3,2461.8,
2025-08-09,agosto,Nocturno,8146,0.5,4073,0.3,2443.8,
2025-08-10,agosto,Matutino,9154,0.5,4577,0.3,2746.2,
2025-08-10,agosto,Vespertino,8189,0.5,4094.5,0.3,2456.7,
2025-08-10,agosto,Nocturno,7922,0.5,3961,0.3,2376.6,
2025-08-11,agosto,Matutino,10162,0.5,5081,0.3,3048.6,
2025-08-11,agosto,Vespertino,9719,0.5,4859.5,0.3,2915.7,
2025-08-11,agosto,Nocturno,9515,0.5,4757.5,0.3,2854.5,
2025-08-12,agosto,Matutino,10168,0.5,5084,0.3,3050.4,
2025-08-12,agosto,Vespertino,10233,0.5,5116.5,0.3,3069.9,
2025-08-12,agosto,Nocturno,9830,0.5,4915,0.3,2949,
2025-08-13,agosto,Matutino,10097,0.5,5048.5,0.3,3029.1,
2025-08-13,agosto,Vespertino,10385,0.5,5192.5,0.3,3115.5,
2025-08-13,agosto,Nocturno,9216,0.5,4608,0.3,2764.8,
2025-08-14,agosto,Matutino,10743,0.5,5371.5,0.3,3222.9,
2025-08-14,agosto,Vespertino,10092,0.5,5046,0.3,3027.6,
2025-08-14,agosto,Nocturno,9504,0.5,4752,0.3,2851.2,
2025-08-15,agosto,Matutino,10517,0.5,5258.5,0.3,3155.1,
2025-08-15,agosto,Vespertino,10061,0.5,5030.5,0.3,3018.3,
2025-08-15,agosto,Nocturno,9429,0.5,4714.5,0.3,2828.7,
2025-08-16,agosto,Matutino,9308,0.5,4654,0.3,2792.4,
2025-08-16,agosto,Vespertino,8500,0.5,4250,0.3,2550,
2025-08-16,agosto,Nocturno,7778,0.5,3889,0.3,2333.4,
2025-08-17,agosto,Matutino,9022,0.5,4511,0.3,2706.6,
2025-08-17,agosto,Vespertino,8163,0.5,4081.5,0.3,2448.9,
2025-08-17,agosto,Nocturno,7852,0.5,3926,0.3,2355.6,
2025-08-18,agosto,Matutino,10468,0.5,5234,0.3,3140.4,
2025-08-18,agosto,Vespertino,10025,0.5,5012.5,0.3,3007.5,
2025-08-18,agosto,Nocturno,9268,0.5,4634,0.3,2780.4,
2025-08-19,agosto,Matutino,10849,0.5,5424.5,0.3,3254.7,
2025-08-19,agosto,Vespertino,10169,0.5,5084.5,0.3,3050.7,
2025-08-19,agosto,Nocturno,9114,0.5,4557,0.3,2734.2,
2025-08-20,agosto,Matutino,10398,0.5,5199,0.3,3119.4,
2025-08-20,agosto,Vespertino,10052,0.5,5026,0.3,3015.6,
2025-08-20,agosto,Nocturno,9389,0.5,4694.5,0.3,2816.7,
2025-08-21,agosto,Matutino,10823,0.5,5411.5,0.3,3246.9,
2025-08-21,agosto,Vespertino,10213,0.5,5106.5,0.3,3063.9,
2025-08-21,agosto,Nocturno,9726,0.5,4863,0.3,2917.8,
2025-08-22,agosto,Matutino,10907,0.5,5453.5,0.3,3272.1,
2025-08-22,agosto,Vespertino,10229,0.5,5114.5,0.3,3068.7,
2025-08-22,agosto,Nocturno,9261,0.5,4630.5,0.3,2778.3,
2025-08-23,agosto,Matutino,8686,0.5,4343,0.3,2605.8,
2025-08-23,agosto,Vespertino,8194,0.5,4097,0.3,2458.2,
2025-08-23,agosto,Nocturno,7656,0.5,3828,0.3,2296.8,
2025-08-24,agosto,Matutino,8797,0.5,4398.5,0.3,2639.1,
2025-08-24,agosto,Vespertino,8699,0.5,4349.5,0.3,2609.7,
2025-08-24,agosto,Nocturno,8147,0.5,4073.5,0.3,2444.1,
2025-08-25,agosto,Matutino,10262,0.5,5131,0.3,3078.6,
2025-08-25,agosto,Vespertino,9524,0.5,4762,0.3,2857.2,
2025-08-25,agosto,Nocturno,9749,0.5,4874.5,0.3,2924.7,
2025-08-26,agosto,Matutino,10559,0.5,5279.5,0.3,3167.7,
2025-08-26,agosto,Vespertino,10523,0.5,5261.5,0.3,3156.9,
2025-08-26,agosto,Nocturno,9218,0.5,4609,0.3,2765.4,
2025-08-27,agosto,Matutino,10940,0.5,5470,0.3,3282,
2025-08-27,agosto,Vespertino,10236,0.5,5118,0.3,3070.8,
2025-08-27,agosto,Nocturno,9693,0.5,4846.5,0.3,2907.9,
2025-08-28,agosto,Matutino,10530,0.5,5265,0.3,3159,
2025-08-28,agosto,Vespertino,9699,0.5,4849.5,0.3,2909.7,
2025-08-28,agosto,Nocturno,9745,0.5,4872.5,0.3,2923.5,
2025-08-29,agosto,Matutino,9967,0.5,4983.5,0.3,2990.1,
2025-08-29,agosto,Vespertino,9491,0.5,4745.5,0.3,2847.3,
2025-08-29,agosto,Nocturno,9798,0.5,4899,0.3,2939.4,
2025-08-30,agosto,Matutino,9183,0.5,4591.5,0.3,2754.9,
2025-08-30,agosto,Vespertino,8656,0.5,4328,0.3,2596.8,
2025-08-30,agosto,Nocturno,7741,0.5,3870.5,0.3,2322.3,
2025-08-31,agosto,Matutino,9121,0.5,4560.5,0.3,2736.3,
2025-08-31,agosto,Vespertino,8516,0.5,4258,0.3,2554.8,
2025-08-31,agosto,Nocturno,7747,0.5,3873.5,0.3,2324.1,
2025-09-01,septiembre,Matutino,9860,0.5,4930,0.3,2958,
2025-09-01,septiembre,Vespertino,9175,0.5,4587.5,0.3,2752.5,
2025-09-01,septiembre,Nocturno,9357,0.5,4678.5,0.3,2807.1,
2025-09-02,septiembre,Matutino,9945,0.5,4972.5,0.3,2983.5,
2025-09-02,septiembre,Vespertino,9078,0.5,4539,0.3,2723.4,
2025-09-02,septiembre,Nocturno,9375,0.5,4687.5,0.3,2812.5,
2025-09-03,septiembre,Matutino,10476,0.5,5238,0.3,3142.8,
2025-09-03,septiembre,Vespertino,9741,0.5,4870.5,0.3,2922.3,
2025-09-03,septiembre,Nocturno,9569,0.5,4784.5,0.3,2870.7,
2025-09-04,septiembre,Matutino,10070,0.5,5035,0.3,3021,
2025-09-04,septiembre,Vespertino,9863,0.5,4931.5,0.3,2958.9,
2025-09-04,septiembre,Nocturno,9084,0.5,4542,0.3,2725.2,
2025-09-05,septiembre,Matutino,10361,0.5,5180.5,0.3,3108.3,
2025-09-05,septiembre,Vespertino,8896,0.5,4448,0.3,2668.8,
2025-09-05,septiembre,Nocturno,8616,0.5,4308,0.3,2584.8,
2025-09-06,septiembre,Matutino,8098,0.5,4049,0.3,2429.4,
2025-09-06,septiembre,Vespertino,8586,0.5,4293,0.3,2575.8,
2025-09-06,septiembre,Nocturno,7858,0.5,3929,0.3,2357.4,
2025-09-07,septiembre,Matutino,8997,0.5,4498.5,0.3,2699.1,
2025-09-07,septiembre,Vespertino,7870,0.5,3935,0.3,2361,
2025-09-07,septiembre,Nocturno,7995,0.5,3997.5,0.3,2398.5,
2025-09-08,septiembre,Matutino,9992,0.5,4996,0.3,2997.6,
2025-09-08,septiembre,Vespertino,9531,0.5,4765.5,0.3,2859.3,
2025-09-08,septiembre,Nocturno,9038,0.5,4519,0.3,2711.4,
2025-09-09,septiembre,Matutino,10083,0.5,5041.5,0.3,3024.9,
2025-09-09,septiembre,Vespertino,9491,0.5,4745.5,0.3,2847.3,
2025-09-09,septiembre,Nocturno,8938,0.5,4469,0.3,2681.4,
2025-09-10,septiembre,Matutino,9359,0.5,4679.5,0.3,2807.7,
2025-09-10,septiembre,Vespertino,9692,0.5,4846,0.3,2907.6,
2025-09-10,septiembre,Nocturno,9150,0.5,4575,0.3,2745,
2025-09-11,septiembre,Matutino,9930,0.5,4965,0.3,2979,
2025-09-11,septiembre,Vespertino,9151,0.5,4575.5,0.3,2745.3,
2025-09-11,septiembre,Nocturno,9518,0.5,4759,0.3,2855.4,
2025-09-12,septiembre,Matutino,10159,0.5,5079.5,0.3,3047.7,
2025-09-12,septiembre,Vespertino,9386,0.5,4693,0.3,2815.8,
2025-09-12,septiembre,Nocturno,9031,0.5,4515.5,0.3,2709.3,
2025-09-13,septiembre,Matutino,8322,0.5,4161,0.3,2496.6,
2025-09-13,septiembre,Vespertino,7988,0.5,3994,0.3,2396.4,
2025-09-13,septiembre,Nocturno,7525,0.5,3762.5,0.3,2257.5,
2025-09-14,septiembre,Matutino,8595,0.5,4297.5,0.3,2578.5,
2025-09-14,septiembre,Vespertino,7779,0.5,3889.5,0.3,2333.7,
2025-09-14,septiembre,Nocturno,7559,0.5,3779.5,0.3,2267.7,
2025-09-15,septiembre,Matutino,9970,0.5,4985,0.3,2991,
2025-09-15,septiembre,Vespertino,9244,0.5,4622,0.3,2773.2,
2025-09-15,septiembre,Nocturno,8701,0.5,4350.5,0.3,2610.3,
2025-09-16,septiembre,Matutino,9891,0.5,4945.5,0.3,2967.3,
2025-09-16,septiembre,Vespertino,9546,0.5,4773,0.3,2863.8,
2025-09-16,septiembre,Nocturno,9227,0.5,4613.5,0.3,2768.1,
2025-09-17,septiembre,Matutino,9977,0.5,4988.5,0.3,2993.1,
2025-09-17,septiembre,Vespertino,9677,0.5,4838.5,0.3,2903.1,
2025-09-17,septiembre,Nocturno,8602,0.5,4301,0.3,2580.6,
2025-09-18,septiembre,Matutino,9444,0.5,4722,0.3,2833.2,
2025-09-18,septiembre,Vespertino,9763,0.5,4881.5,0.3,2928.9,
2025-09-18,septiembre,Nocturno,9406,0.5,4703,0.3,2821.8,
2025-09-19,septiembre,Matutino,9816,0.5,4908,0.3,2944.8,
2025-09-19,septiembre,Vespertino,9231,0.5,4615.5,0.3,2769.3,
2025-09-19,septiembre,Nocturno,8651,0.5,4325.5,0.3,2595.3,
2025-09-20,septiembre,Matutino,8465,0.5,4232.5,0.3,2539.5,
2025-09-20,septiembre,Vespertino,7926,0.5,3963,0.3,2377.8,
2025-09-20,septiembre,Nocturno,7700,0.5,3850,0.3,2310,
2025-09-21,septiembre,Matutino,8943,0.5,4471.5,0.3,2682.9,
2025-09-21,septiembre,Vespertino,7857,0.5,3928.5,0.3,2357.1,
2025-09-21,septiembre,Nocturno,7353,0.5,3676.5,0.3,2205.9,
2025-09-22,septiembre,Matutino,9609,0.5,4804.5,0.3,2882.7,
2025-09-22,septiembre,Vespertino,9677,0.5,4838.5,0.3,2903.1,
2025-09-22,septiembre,Nocturno,8829,0.5,4414.5,0.3,2648.7,
2025-09-23,septiembre,Matutino,9760,0.5,4880,0.3,2928,
2025-09-23,septiembre,Vespertino,10099,0.5,5049.5,0.3,3029.7,
2025-09-23,septiembre,Nocturno,9337,0.5,4668.5,0.3,2801.1,
2025-09-24,septiembre,Matutino,10299,0.5,5149.5,0.3,3089.7,
2025-09-24,septiembre,Vespertino,9519,0.5,4759.5,0.3,2855.7,
2025-09-24,septiembre,Nocturno,9045,0.5,4522.5,0.3,2713.5,
2025-09-25,septiembre,Matutino,9695,0.5,4847.5,0.3,2908.5,
2025-09-25,septiembre,Vespertino,9042,0.5,4521,0.3,2712.6,
2025-09-25,septiembre,Nocturno,8540,0.5,4270,0.3,2562,
2025-09-26,septiembre,Matutino,9624,0.5,4812,0.3,2887.2,
2025-09-26,septiembre,Vespertino,10004,0.5,5002,0.3,3001.2,
2025-09-26,septiembre,Nocturno,8930,0.5,4465,0.3,2679,
2025-09-27,septiembre,Matutino,8948,0.5,4474,0.3,2684.4,
2025-09-27,septiembre,Vespertino,8467,0.5,4233.5,0.3,2540.1,
2025-09-27,septiembre,Nocturno,7832,0.5,3916,0.3,2349.6,
2025-09-28,septiembre,Matutino,8603,0.5,4301.5,0.3,2580.9,
2025-09-28,septiembre,Vespertino,8180,0.5,4090,0.3,2454,
2025-09-28,septiembre,Nocturno,7676,0.5,3838,0.3,2302.8,
2025-09-29,septiembre,Matutino,10086,0.5,5043,0.3,3025.8,
2025-09-29,septiembre,Vespertino,9812,0.5,4906,0.3,2943.6,
2025-09-29,septiembre,Nocturno,8565,0.5,4282.5,0.3,2569.5,
2025-09-30,septiembre,Matutino,10241,0.5,5120.5,0.3,3072.3,
2025-09-30,septiembre,Vespertino,9130,0.5,4565,0.3,2739,
2025-09-30,septiembre,Nocturno,8945,0.5,4472.5,0.3,2683.5,
2025-10-01,octubre,Matutino,9322,0.5,4661,0.3,2796.6,
2025-10-01,octubre,Vespertino,9144,0.5,4572,0.3,2743.2,
2025-10-01,octubre,Nocturno,8661,0.5,4330.5,0.3,2598.3,
2025-10-02,octubre,Matutino,9886,0.5,4943,0.3,2965.8,
2025-10-02,octubre,Vespertino,8616,0.5,4308,0.3,2584.8,
2025-10-02,octubre,Nocturno,8695,0.5,4347.5,0.3,2608.5,
2025-10-03,octubre,Matutino,9157,0.5,4578.5,0.3,2747.1,
2025-10-03,octubre,Vespertino,9027,0.5,4513.5,0.3,2708.1,
2025-10-03,octubre,Nocturno,8329,0.5,4164.5,0.3,2498.7,
2025-10-04,octubre,Matutino,7935,0.5,3967.5,0.3,2380.5,
2025-10-04,octubre,Vespertino,7532,0.5,3766,0.3,2259.6,
2025-10-04,octubre,Nocturno,7635,0.5,3817.5,0.3,2290.5,
2025-10-05,octubre,Matutino,8318,0.5,4159,0.3,2495.4,
2025-10-05,octubre,Vespertino,8020,0.5,4010,0.3,2406,
2025-10-05,octubre,Nocturno,7393,0.5,3696.5,0.3,2217.9,
2025-10-06,octubre,Matutino,9529,0.5,4764.5,0.3,2858.7,
2025-10-06,octubre,Vespertino,9401,0.5,4700.5,0.3,2820.3,
2025-10-06,octubre,Nocturno,8847,0.5,4423.5,0.3,2654.1,
2025-10-07,octubre,Matutino,9641,0.5,4820.5,0.3,2892.3,
2025-10-07,octubre,Vespertino,9412,0.5,4706,0.3,2823.6,
2025-10-07,octubre,Nocturno,8543,0.5,4271.5,0.3,2562.9,
2025-10-08,octubre,Matutino,9334,0.5,4667,0.3,2800.2,
2025-10-08,octubre,Vespertino,9434,0.5,4717,0.3,2830.2,
2025-10-08,octubre,Nocturno,8124,0.5,4062,0.3,2437.2,
2025-10-09,octubre,Matutino,9312,0.5,4656,0.3,2793.6,
2025-10-09,octubre,Vespertino,9436,0.5,4718,0.3,2830.8,
2025-10-09,octubre,Nocturno,8698,0.5,4349,0.3,2609.4,
2025-10-10,octubre,Matutino,9628,0.5,4814,0.3,2888.4,
2025-10-10,octubre,Vespertino,8739,0.5,4369.5,0.3,2621.7,
2025-10-10,octubre,Nocturno,8814,0.5,4407,0.3,2644.2,
2025-10-11,octubre,Matutino,8382,0.5,4191,0.3,2514.6,
2025-10-11,octubre,Vespertino,7464,0.5,3732,0.3,2239.2,
2025-10-11,octubre,Nocturno,6871,0.5,3435.5,0.3,2061.3,
2025-10-12,octubre,Matutino,8112,0.5,4056,0.3,2433.6,
2025-10-12,octubre,Vespertino,7813,0.5,3906.5,0.3,2343.9,
2025-10-12,octubre,Nocturno,7022,0.5,3511,0.3,2106.6,
2025-10-13,octubre,Matutino,9793,0.5,4896.5,0.3,2937.9,
2025-10-13,octubre,Vespertino,8537,0.5,4268.5,0.3,2561.1,
2025-10-13,octubre,Nocturno,8632,0.5,4316,0.3,2589.6,
2025-10-14,octubre,Matutino,9634,0.5,4817,0.3,2890.2,
2025-10-14,octubre,Vespertino,9103,0.5,4551.5,0.3,2730.9,
2025-10-14,octubre,Nocturno,8079,0.5,4039.5,0.3,2423.7,
2025-10-15,octubre,Matutino,9348,0.5,4674,0.3,2804.4,
2025-10-15,octubre,Vespertino,8651,0.5,4325.5,0.3,2595.3,
2025-10-15,octubre,Nocturno,7937,0.5,3968.5,0.3,2381.1,
2025-10-16,octubre,Matutino,9751,0.5,4875.5,0.3,2925.3,
2025-10-16,octubre,Vespertino,9097,0.5,4548.5,0.3,2729.1,
2025-10-16,octubre,Nocturno,9077,0.5,4538.5,0.3,2723.1,
2025-10-17,octubre,Matutino,9225,0.5,4612.5,0.3,2767.5,
2025-10-17,octubre,Vespertino,8881,0.5,4440.5,0.3,2664.3,
2025-10-17,octubre,Nocturno,7957,0.5,3978.5,0.3,2387.1,
2025-10-18,octubre,Matutino,8141,0.5,4070.5,0.3,2442.3,
2025-10-18,octubre,Vespertino,7700,0.5,3850,0.3,2310,
2025-10-18,octubre,Nocturno,7453,0.5,3726.5,0.3,2235.9,
2025-10-19,octubre,Matutino,8107,0.5,4053.5,0.3,2432.1,
2025-10-19,octubre,Vespertino,7806,0.5,3903,0.3,2341.8,
2025-10-19,octubre,Nocturno,7573,0.5,3786.5,0.3,2271.9,
2025-10-20,octubre,Matutino,9472,0.5,4736,0.3,2841.6,
2025-10-20,octubre,Vespertino,9444,0.5,4722,0.3,2833.2,
2025-10-20,octubre,Nocturno,8300,0.5,4150,0.3,2490,
2025-10-21,octubre,Matutino,9894,0.5,4947,0.3,2968.2,
2025-10-21,octubre,Vespertino,8983,0.5,4491.5,0.3,2694.9,
2025-10-21,octubre,Nocturno,8362,0.5,4181,0.3,2508.6,
2025-10-22,octubre,Matutino,9614,0.5,4807,0.3,2884.2,
2025-10-22,octubre,Vespertino,9379,0.5,4689.5,0.3,2813.7,
2025-10-22,octubre,Nocturno,8315,0.5,4157.5,0.3,2494.5,
2025-10-23,octubre,Matutino,9876,0.5,4938,0.3,2962.8,
2025-10-23,octubre,Vespertino,9037,0.5,4518.5,0.3,2711.1,
2025-10-23,octubre,Nocturno,8396,0.5,4198,0.3,2518.8,
2025-10-24,octubre,Matutino,9667,0.5,4833.5,0.3,2900.1,
2025-10-24,octubre,Vespertino,9072,0.5,4536,0.3,2721.6,
2025-10-24,octubre,Nocturno,8331,0.5,4165.5,0.3,2499.3,
2025-10-25,octubre,Matutino,7980,0.5,3990,0.3,2394,
2025-10-25,octubre,Vespertino,7433,0.5,3716.5,0.3,2229.9,
2025-10-25,octubre,Nocturno,7393,0.5,3696.5,0.3,2217.9,
2025-10-26,octubre,Matutino,8408,0.5,4204,0.3,2522.4,
2025-10-26,octubre,Vespertino,7476,0.5,3738,0.3,2242.8,
2025-10-26,octubre,Nocturno,6906,0.5,3453,0.3,2071.8,
2025-10-27,octubre,Matutino,9107,0.5,4553.5,0.3,2732.1,
2025-10-27,octubre,Vespertino,8936,0.5,4468,0.3,2680.8,
2025-10-27,octubre,Nocturno,8891,0.5,4445.5,0.3,2667.3,
2025-10-28,octubre,Matutino,8906,0.5,4453,0.3,2671.8,
2025-10-28,octubre,Vespertino,8867,0.5,4433.5,0.3,2660.1,
2025-10-28,octubre,Nocturno,8544,0.5,4272,0.3,2563.2,
2025-10-29,octubre,Matutino,9034,0.5,4517,0.3,2710.2,
2025-10-29,octubre,Vespertino,9492,0.5,4746,0.3,2847.6,
2025-10-29,octubre,Nocturno,8815,0.5,4407.5,0.3,2644.5,
2025-10-30,octubre,Matutino,9266,0.5,4633,0.3,2779.8,
2025-10-30,octubre,Vespertino,8799,0.5,4399.5,0.3,2639.7,
2025-10-30,octubre,Nocturno,8661,0.5,4330.5,0.3,2598.3,
2025-10-31,octubre,Matutino,9580,0.5,4790,0.3,2874,
2025-10-31,octubre,Vespertino,9462,0.5,4731,0.3,2838.6,
2025-10-31,octubre,Nocturno,8918,0.5,4459,0.3,2675.4,
2025-11-01,noviembre,Matutino,7561,0.5,3780.5,0.3,2268.3,
2025-11-01,noviembre,Vespertino,7185,0.5,3592.5,0.3,2155.5,
2025-11-01,noviembre,Nocturno,7118,0.5,3559,0.3,2135.4,
2025-11-02,noviembre,Matutino,7320,0.5,3660,0.3,2196,
2025-11-02,noviembre,Vespertino,7280,0.5,3640,0.3,2184,
2025-11-02,noviembre,Nocturno,6664,0.5,3332,0.3,1999.2,
2025-11-03,noviembre,Matutino,8611,0.5,4305.5,0.3,2583.3,
2025-11-03,noviembre,Vespertino,9028,0.5,4514,0.3,2708.4,
2025-11-03,noviembre,Nocturno,8068,0.5,4034,0.3,2420.4,
2025-11-04,noviembre,Matutino,9191,0.5,4595.5,0.3,2757.3,
2025-11-04,noviembre,Vespertino,8642,0.5,4321,0.3,2592.6,
2025-11-04,noviembre,Nocturno,8415,0.5,4207.5,0.3,2524.5,
2025-11-05,noviembre,Matutino,8579,0.5,4289.5,0.3,2573.7,
2025-11-05,noviembre,Vespertino,8354,0.5,4177,0.3,2506.2,
2025-11-05,noviembre,Nocturno,8002,0.5,4001,0.3,2400.6,
2025-11-06,noviembre,Matutino,8965,0.5,4482.5,0.3,2689.5,
2025-11-06,noviembre,Vespertino,8573,0.5,4286.5,0.3,2571.9,
2025-11-06,noviembre,Nocturno,8461,0.5,4230.5,0.3,2538.3,
2025-11-07,noviembre,Matutino,8655,0.5,4327.5,0.3,2596.5,
2025-11-07,noviembre,Vespertino,8586,0.5,4293,0.3,2575.8,
2025-11-07,noviembre,Nocturno,7910,0.5,3955,0.3,2373,
2025-11-08,noviembre,Matutino,7231,0.5,3615.5,0.3,2169.3,
2025-11-08,noviembre,Vespertino,7002,0.5,3501,0.3,2100.6,
2025-11-08,noviembre,Nocturno,6841,0.5,3420.5,0.3,2052.3,
2025-11-09,noviembre,Matutino,7844,0.5,3922,0.3,2353.2,
2025-11-09,noviembre,Vespertino,7361,0.5,3680.5,0.3,2208.3,
2025-11-09,noviembre,Nocturno,7052,0.5,3526,0.3,2115.6,
2025-11-10,noviembre,Matutino,9255,0.5,4627.5,0.3,2776.5,
2025-11-10,noviembre,Vespertino,8682,0.5,4341,0.3,2604.6,
2025-11-10,noviembre,Nocturno,7902,0.5,3951,0.3,2370.6,
2025-11-11,noviembre,Matutino,9157,0.5,4578.5,0.3,2747.1,
2025-11-11,noviembre,Vespertino,8635,0.5,4317.5,0.3,2590.5,
2025-11-11,noviembre,Nocturno,8519,0.5,4259.5,0.3,2555.7,
2025-11-12,noviembre,Matutino,8868,0.5,4434,0.3,2660.4,
2025-11-12,noviembre,Vespertino,8332,0.5,4166,0.3,2499.6,
2025-11-12,noviembre,Nocturno,7588,0.5,3794,0.3,2276.4,
2025-11-13,noviembre,Matutino,8517,0.5,4258.5,0.3,2555.1,
2025-11-13,noviembre,Vespertino,8713,0.5,4356.5,0.3,2613.9,
2025-11-13,noviembre,Nocturno,8279,0.5,4139.5,0.3,2483.7,
2025-11-14,noviembre,Matutino,8689,0.5,4344.5,0.3,2606.7,
2025-11-14,noviembre,Vespertino,8346,0.5,4173,0.3,2503.8,
2025-11-14,noviembre,Nocturno,8365,0.5,4182.5,0.3,2509.5,
2025-11-15,noviembre,Matutino,7743,0.5,3871.5,0.3,2322.9,
2025-11-15,noviembre,Vespertino,7616,0.5,3808,0.3,2284.8,
2025-11-15,noviembre,Nocturno,7301,0.5,3650.5,0.3,2190.3,
2025-11-16,noviembre,Matutino,7778,0.5,3889,0.3,2333.4,
2025-11-16,noviembre,Vespertino,7046,0.5,3523,0.3,2113.8,
2025-11-16,noviembre,Nocturno,6828,0.5,3414,0.3,2048.4,
2025-11-17,noviembre,Matutino,9254,0.5,4627,0.3,2776.2,
2025-11-17,noviembre,Vespertino,9027,0.5,4513.5,0.3,2708.1,
2025-11-17,noviembre,Nocturno,7739,0.5,3869.5,0.3,2321.7,
2025-11-18,noviembre,Matutino,8903,0.5,4451.5,0.3,2670.9,
2025-11-18,noviembre,Vespertino,8522,0.5,4261,0.3,2556.6,
2025-11-18,noviembre,Nocturno,8299,0.5,4149.5,0.3,2489.7,
2025-11-19,noviembre,Matutino,8627,0.5,4313.5,0.3,2588.1,
2025-11-19,noviembre,Vespertino,7962,0.5,3981,0.3,2388.6,
2025-11-19,noviembre,Nocturno,7899,0.5,3949.5,0.3,2369.7,
2025-11-20,noviembre,Matutino,8550,0.5,4275,0.3,2565,
2025-11-20,noviembre,Vespertino,8551,0.5,4275.5,0.3,2565.3,
2025-11-20,noviembre,Nocturno,8566,0.5,4283,0.3,2569.8,
2025-11-21,noviembre,Matutino,8912,0.5,4456,0.3,2673.6,
2025-11-21,noviembre,Vespertino,8715,0.5,4357.5,0.3,2614.5,
2025-11-21,noviembre,Nocturno,8504,0.5,4252,0.3,2551.2,
2025-11-22,noviembre,Matutino,7485,0.5,3742.5,0.3,2245.5,
2025-11-22,noviembre,Vespertino,7130,0.5,3565,0.3,2139,
2025-11-22,noviembre,Nocturno,6949,0.5,3474.5,0.3,2084.7,
2025-11-23,noviembre,Matutino,7270,0.5,3635,0.3,2181,
2025-11-23,noviembre,Vespertino,7205,0.5,3602.5,0.3,2161.5,
2025-11-23,noviembre,Nocturno,6579,0.5,3289.5,0.3,1973.7,
2025-11-24,noviembre,Matutino,8484,0.5,4242,0.3,2545.2,
2025-11-24,noviembre,Vespertino,8599,0.5,4299.5,0.3,2579.7,
2025-11-24,noviembre,Nocturno,8345,0.5,4172.5,0.3,2503.5,
2025-11-25,noviembre,Matutino,8818,0.5,4409,0.3,2645.4,
2025-11-25,noviembre,Vespertino,8756,0.5,4378,0.3,2626.8,
2025-11-25,noviembre,Nocturno,8198,0.5,4099,0.3,2459.4,
2025-11-26,noviembre,Matutino,9056,0.5,4528,0.3,2716.8,
2025-11-26,noviembre,Vespertino,8926,0.5,4463,0.3,2677.8,
2025-11-26,noviembre,Nocturno,8244,0.5,4122,0.3,2473.2,
2025-11-27,noviembre,Matutino,9269,0.5,4634.5,0.3,2780.7,
2025-11-27,noviembre,Vespertino,8395,0.5,4197.5,0.3,2518.5,
2025-11-27,noviembre,Nocturno,8419,0.5,4209.5,0.3,2525.7,
2025-11-28,noviembre,Matutino,8909,0.5,4454.5,0.3,2672.7,
2025-11-28,noviembre,Vespertino,8551,0.5,4275.5,0.3,2565.3,
2025-11-28,noviembre,Nocturno,8030,0.5,4015,0.3,2409,
2025-11-29,noviembre,Matutino,8065,0.5,4032.5,0.3,2419.5,
2025-11-29,noviembre,Vespertino,7329,0.5,3664.5,0.3,2198.7,
2025-11-29,noviembre,Nocturno,7185,0.5,3592.5,0.3,2155.5,
2025-11-30,noviembre,Matutino,7583,0.5,3791.5,0.3,2274.9,
2025-11-30,noviembre,Vespertino,7262,0.5,3631,0.3,2178.6,
2025-11-30,noviembre,Nocturno,6856,0.5,3428,0.3,2056.8,
2025-12-01,diciembre,Matutino,10354,0.5,5177,0.3,3106.2,
2025-12-01,diciembre,Vespertino,10169,0.5,5084.5,0.3,3050.7,
2025-12-01,diciembre,Nocturno,10047,0.5,5023.5,0.3,3014.1,
2025-12-02,diciembre,Matutino,10668,0.5,5334,0.3,3200.4,
2025-12-02,diciembre,Vespertino,10250,0.5,5125,0.3,3075,
2025-12-02,diciembre,Nocturno,9734,0.5,4867,0.3,2920.2,
2025-12-03,diciembre,Matutino,10562,0.5,5281,0.3,3168.6,
2025-12-03,diciembre,Vespertino,9824,0.5,4912,0.3,2947.2,
2025-12-03,diciembre,Nocturno,9577,0.5,4788.5,0.3,2873.1,
2025-12-04,diciembre,Matutino,10570,0.5,5285,0.3,3171,
2025-12-04,diciembre,Vespertino,9426,0.5,4713,0.3,2827.8,
2025-12-04,diciembre,Nocturno,9269,0.5,4634.5,0.3,2780.7,
2025-12-05,diciembre,Matutino,10241,0.5,5120.5,0.3,3072.3,
2025-12-05,diciembre,Vespertino,9515,0.5,4757.5,0.3,2854.5,
2025-12-05,diciembre,Nocturno,9212,0.5,4606,0.3,2763.6,
2025-12-06,diciembre,Matutino,8451,0.5,4225.5,0.3,2535.3,
2025-12-06,diciembre,Vespertino,8263,0.5,4131.5,0.3,2478.9,
2025-12-06,diciembre,Nocturno,8167,0.5,4083.5,0.3,2450.1,
2025-12-07,diciembre,Matutino,9068,0.5,4534,0.3,2720.4,
2025-12-07,diciembre,Vespertino,8581,0.5,4290.5,0.3,2574.3,
2025-12-07,diciembre,Nocturno,7907,0.5,3953.5,0.3,2372.1,
2025-12-08,diciembre,Matutino,10813,0.5,5406.5,0.3,3243.9,
2025-12-08,diciembre,Vespertino,9534,0.5,4767,0.3,2860.2,
2025-12-08,diciembre,Nocturno,9677,0.5,4838.5,0.3,2903.1,
2025-12-09,diciembre,Matutino,10119,0.5,5059.5,0.3,3035.7,
2025-12-09,diciembre,Vespertino,9540,0.5,4770,0.3,2862,
2025-12-09,diciembre,Nocturno,9706,0.5,4853,0.3,2911.8,
2025-12-10,diciembre,Matutino,10239,0.5,5119.5,0.3,3071.7,
2025-12-10,diciembre,Vespertino,10035,0.5,5017.5,0.3,3010.5,
2025-12-10,diciembre,Nocturno,9363,0.5,4681.5,0.3,2808.9,
2025-12-11,diciembre,Matutino,10463,0.5,5231.5,0.3,3138.9,
2025-12-11,diciembre,Vespertino,10151,0.5,5075.5,0.3,3045.3,
2025-12-11,diciembre,Nocturno,9627,0.5,4813.5,0.3,2888.1,
2025-12-12,diciembre,Matutino,9901,0.5,4950.5,0.3,2970.3,
2025-12-12,diciembre,Vespertino,9792,0.5,4896,0.3,2937.6,
2025-12-12,diciembre,Nocturno,8993,0.5,4496.5,0.3,2697.9,
2025-12-13,diciembre,Matutino,8628,0.5,4314,0.3,2588.4,
2025-12-13,diciembre,Vespertino,8331,0.5,4165.5,0.3,2499.3,
2025-12-13,diciembre,Nocturno,8282,0.5,4141,0.3,2484.6,
2025-12-14,diciembre,Matutino,8710,0.5,4355,0.3,2613,
2025-12-14,diciembre,Vespertino,8124,0.5,4062,0.3,2437.2,
2025-12-14,diciembre,Nocturno,7731,0.5,3865.5,0.3,2319.3,
2025-12-15,diciembre,Matutino,10682,0.5,5341,0.3,3204.6,
2025-12-15,diciembre,Vespertino,10043,0.5,5021.5,0.3,3012.9,
2025-12-15,diciembre,Nocturno,9518,0.5,4759,0.3,2855.4,
2025-12-16,diciembre,Matutino,10686,0.5,5343,0.3,3205.8,
2025-12-16,diciembre,Vespertino,10204,0.5,5102,0.3,3061.2,
2025-12-16,diciembre,Nocturno,9457,0.5,4728.5,0.3,2837.1,
2025-12-17,diciembre,Matutino,10468,0.5,5234,0.3,3140.4,
2025-12-17,diciembre,Vespertino,10240,0.5,5120,0.3,3072,
2025-12-17,diciembre,Nocturno,9647,0.5,4823.5,0.3,2894.1,
2025-12-18,diciembre,Matutino,10316,0.5,5158,0.3,3094.8,
2025-12-18,diciembre,Vespertino,9620,0.5,4810,0.3,2886,
2025-12-18,diciembre,Nocturno,9501,0.5,4750.5,0.3,2850.3,
2025-12-19,diciembre,Matutino,10986,0.5,5493,0.3,3295.8,
2025-12-19,diciembre,Vespertino,10568,0.5,5284,0.3,3170.4,
2025-12-19,diciembre,Nocturno,9887,0.5,4943.5,0.3,2966.1,
2025-12-20,diciembre,Matutino,9006,0.5,4503,0.3,2701.8,
2025-12-20,diciembre,Vespertino,8932,0.5,4466,0.3,2679.6,
2025-12-20,diciembre,Nocturno,7584,0.5,3792,0.3,2275.2,
2025-12-21,diciembre,Matutino,8494,0.5,4247,0.3,2548.2,
2025-12-21,diciembre,Vespertino,8365,0.5,4182.5,0.3,2509.5,
2025-12-21,diciembre,Nocturno,7586,0.5,3793,0.3,2275.8,
2025-12-22,diciembre,Matutino,10358,0.5,5179,0.3,3107.4,
2025-12-22,diciembre,Vespertino,9808,0.5,4904,0.3,2942.4,
2025-12-22,diciembre,Nocturno,9509,0.5,4754.5,0.3,2852.7,
2025-12-23,diciembre,Matutino,9823,0.5,4911.5,0.3,2946.9,
2025-12-23,diciembre,Vespertino,10063,0.5,5031.5,0.3,3018.9,
2025-12-23,diciembre,Nocturno,9750,0.5,4875,0.3,2925,
2025-12-24,diciembre,Matutino,10197,0.5,5098.5,0.3,3059.1,
2025-12-24,diciembre,Vespertino,9329,0.5,4664.5,0.3,2798.7,
2025-12-24,diciembre,Nocturno,9626,0.5,4813,0.3,2887.8,
2025-12-25,diciembre,Matutino,10623,0.5,5311.5,0.3,3186.9,
2025-12-25,diciembre,Vespertino,9834,0.5,4917,0.3,2950.2,
2025-12-25,diciembre,Nocturno,9177,0.5,4588.5,0.3,2753.1,
2025-12-26,diciembre,Matutino,10231,0.5,5115.5,0.3,3069.3,
2025-12-26,diciembre,Vespertino,9538,0.5,4769,0.3,2861.4,
2025-12-26,diciembre,Nocturno,9658,0.5,4829,0.3,2897.4,
2025-12-27,diciembre,Matutino,9067,0.5,4533.5,0.3,2720.1,
2025-12-27,diciembre,Vespertino,8663,0.5,4331.5,0.3,2598.9,
2025-12-27,diciembre,Nocturno,8186,0.5,4093,0.3,2455.8,
2025-12-28,diciembre,Matutino,9071,0.5,4535.5,0.3,2721.3,
2025-12-28,diciembre,Vespertino,8912,0.5,4456,0.3,2673.6,
2025-12-28,diciembre,Nocturno,8009,0.5,4004.5,0.3,2402.7,
2025-12-29,diciembre,Matutino,10122,0.5,5061,0.3,3036.6,
2025-12-29,diciembre,Vespertino,9576,0.5,4788,0.3,2872.8,
2025-12-29,diciembre,Nocturno,9417,0.5,4708.5,0.3,2825.1,
2025-12-30,diciembre,Matutino,9964,0.5,4982,0.3,2989.2,
2025-12-30,diciembre,Vespertino,9932,0.5,4966,0.3,2979.6,
2025-12-30,diciembre,Nocturno,9004,0.5,4502,0.3,2701.2,
2025-12-31,diciembre,Matutino,10742,0.5,5371,0.3,3222.6,
2025-12-31,diciembre,Vespertino,10267,0.5,5133.5,0.3,3080.1,
2025-12-31,diciembre,Nocturno,9099,0.5,4549.5,0.3,2729.7,